X,Y,Z,Time,Up HUD,Right HUD,Down HUD,Left HUD,Trial Type,Layout Number,Directionality,Rotation X,Rotation Y,Rotation Z,Direction
-0,0,-0,0,0,0,0,1,No Cues,4,1,0,0,0,Backward
-0.00185354161404638,-0.000334750000000002,0.00322762954580824,0.06005859,0,0,0,1,No Cues,4,1,0.121891,-0.12360000000001,0.148595,Backward
-0.00370747152237927,-0.00138339,0.0062641024824579,0.10009764,0,0,0,1,No Cues,4,1,0.232494,-0.31480000000002,0.0393600000000001,Backward
-0.00553197147127493,-0.00136239,0.00918656718480548,0.14013674,0,0,0,1,No Cues,4,1,0.246919999999999,-0.533300000000025,0.117669,Backward
-0.00689551596420412,-0.00485598,0.0119665676193037,0.17993164,0,0,0,1,No Cues,4,1,0.401358,-0.843500000000006,0.310981,Backward
-0.00965968174947052,-0.00315002,0.0198251465946377,0.23999024,0,0,0,1,No Cues,4,1,0.0721590000000001,-1.43210000000002,0.37241,Backward
-0.0133406385905839,-0.00554285,0.026780623050918,0.30004884,0,0,0,1,No Cues,4,1,0.684816,-2.31060000000002,-0.0191979999999998,Backward
-0.018607049195299,-0.00853056,0.0373159475994314,0.34008784,0,0,0,1,No Cues,4,1,1.446823,-3.22790000000001,-0.9115284,Backward
-0.0244948387914166,-0.01335109,0.0487765986573763,0.39990234,0,0,0,1,No Cues,4,1,1.04166,-3.33020000000002,-1.71986789,Backward
-0.0307428294618124,-0.02254125,0.0620791105097496,0.43994144,0,0,0,1,No Cues,4,1,1.407003,-3.00820000000002,357.910971,Backward
-0.0362551427298339,-0.02178072,0.0807631016903123,0.47998044,0,0,0,1,No Cues,4,1,0.977285,-2.38600000000002,358.083971,Backward
-0.037441586501634,-0.02865948,0.0937775389111941,0.52001954,0,0,0,1,No Cues,4,1,1.298883,-2.16380000000001,-1.6201458,Backward
-0.0381046873058517,-0.02646431,0.10854442816802,0.56005864,0,0,0,1,No Cues,4,1,1.906769,-1.73830000000001,-1.3412748,Backward
-0.0388277995852115,-0.02636227,0.124646412785811,0.60009764,0,0,0,1,No Cues,4,1,1.90724,-1.39850000000001,-1.1393438,Backward
-0.0392258131741106,-0.02962673,0.142563421051225,0.64013674,0,0,0,1,No Cues,4,1,1.922674,-1.18210000000002,-1.3708956,Backward
-0.0403800812307664,-0.0371904,0.17079981956898,0.67993164,0,0,0,1,No Cues,4,1,2.337501,-0.917000000000002,-1.74322207,Backward
-0.040822851403205,-0.04436275,0.192797452522878,0.71997074,0,0,0,1,No Cues,4,1,2.525223,-0.843800000000016,-1.5636706,Backward
-0.0399649036631788,-0.05415685,0.229038987116152,0.76000974,0,0,0,1,No Cues,4,1,3.026324,-0.555200000000013,-1.0008363,Backward
-0.0374581546145825,-0.05986895,0.255595257735486,0.80004884,0,0,0,1,No Cues,4,1,3.015174,-0.34190000000001,-0.705094,Backward
-0.0334182563934169,-0.06472805,0.28604444469282,0.84008784,0,0,0,1,No Cues,4,1,2.594589,0.286599999999993,-0.647936,Backward
-0.0298948237038827,-0.07052275,0.318332958797409,0.88012694,0,0,0,1,No Cues,4,1,2.264945,0.993199999999973,-0.715704,Backward
-0.0251305806450182,-0.07544585,0.352293150391038,0.89990234,0,0,0,1,No Cues,4,1,2.432201,1.3569,-0.8573776,Backward
-0.0198081420146448,-0.07974335,0.387367890190873,0.93994144,0,0,0,1,No Cues,4,1,2.900508,1.71539999999999,-1.1487229,Backward
-0.0143645678149913,-0.08066125,0.424260490044134,0.95996094,0,0,0,1,No Cues,4,1,3.265564,1.87639999999999,-1.3896992,Backward
-0.00803706113026248,-0.07914865,0.462774377151966,0.99999984,0,0,0,1,No Cues,4,1,3.276034,1.94649999999999,-1.4707565,Backward
-0.00186720721030831,-0.07202775,0.504053260029366,1.04003884,0,0,0,1,No Cues,4,1,2.740333,1.79569999999998,-1.76434603,Backward
0.00587179974454832,-0.06721175,0.544440997714867,1.08007784,0,0,0,1,No Cues,4,1,1.960842,2.40049999999999,-1.5585875,Backward
0.0154357822356317,-0.06271395,0.599858921303813,1.12011684,0,0,0,1,No Cues,4,1,2.472471,3.21899999999999,-1.449057,Backward
0.0209371775526854,-0.05311225,0.646596859786008,1.15991184,0,0,0,1,No Cues,4,1,4.078244,4.26919999999998,-1.6663167,Backward
0.0214866037640256,-0.04726105,0.678676784658711,1.19995084,0,0,0,1,No Cues,4,1,3.687404,4.69979999999998,358.140871,Backward
0.0227247399253117,-0.04210385,0.723560036544534,1.23998984,0,0,0,1,No Cues,4,1,4.491534,5.1557,-1.71107149,Backward
0.0219002823544212,-0.0364468,0.751990757072051,1.28002884,0,0,0,1,No Cues,4,1,4.523804,5.184,-1.5264614,Backward
0.0227348932021141,-0.0295695,0.779318945975321,1.32006884,0,0,0,1,No Cues,4,1,4.814434,5.01169999999999,-1.2629052,Backward
0.0239441503340234,-0.02702056,0.805246427499545,1.36010784,0,0,0,1,No Cues,4,1,4.712424,5.3613,-0.9316014,Backward
0.0250564966430511,-0.02456052,0.83242259004485,1.39990284,0,0,0,1,No Cues,4,1,3.663364,5.821,-0.793139,Backward
0.0252646084943235,-0.02545564,0.860344597108408,1.41992184,0,0,0,1,No Cues,4,1,2.909127,6.27449999999999,-0.750675,Backward
0.0253491368584138,-0.02687405,0.888411338831585,1.45996084,0,0,0,1,No Cues,4,1,2.237208,6.62349999999998,-0.676032,Backward
0.0237619943818679,-0.03220475,0.918407211343636,1.49999984,0,0,0,1,No Cues,4,1,2.32909,6.63929999999999,-0.714524,Backward
0.0227154565285368,-0.03588474,0.948583737229193,1.52001984,0,0,0,1,No Cues,4,1,2.092669,6.84699999999998,-0.699009,Backward
0.0202297457276432,-0.04147575,0.978741152201538,1.56005884,0,0,0,1,No Cues,4,1,1.893636,7.1207,-0.715154,Backward
0.0160093464295261,-0.05196595,1.02551696495519,1.60009784,0,0,0,1,No Cues,4,1,0.899445999999999,7.52609999999999,-0.8027897,Backward
0.0117296779603104,-0.05674145,1.05993180836313,1.64013684,0,0,0,1,No Cues,4,1,0.0255489999999998,8.1532,-0.745903,Backward
0.00488675422588081,-0.06492765,1.11195395455843,1.67993184,0,0,0,1,No Cues,4,1,-0.372371,8.7217,0.0346200000000001,Backward
0.00175680268179224,-0.06663155,1.1475173827443,1.71997084,0,0,0,1,No Cues,4,1,0.137494999999999,9.196,0.291113,Backward
-0.00458311929286581,-0.04999185,1.20621516360828,1.78002884,0,0,0,1,No Cues,4,1,-0.405987000000001,9.97289999999998,-0.236748,Backward
-0.00748674269408656,-0.04198465,1.27220427858298,1.84008784,0,0,0,1,No Cues,4,1,-0.449497,11.0953,0.377068,Backward
-0.00464526517454167,-0.0328371,1.31958382622229,1.89990284,0,0,0,1,No Cues,4,1,-0.728552000000001,11.1551,0.0634100000000002,Backward
-0.00378714403986757,-0.02245589,1.37919203357764,1.93994184,0,0,0,1,No Cues,4,1,-1.138264,11.4134,-0.732725,Backward
0.00153258401291168,-0.01909583,1.42212641819468,1.99999984,0,0,0,1,No Cues,4,1,-0.767091000000001,11.4122,-0.266364,Backward
0.00604094750491724,-0.01633087,1.46223382782961,2.04003884,0,0,0,1,No Cues,4,1,-1.299993,11.8954,-0.447349,Backward
0.00773780789106659,-0.01939497,1.5039961668545,2.10009784,0,0,0,1,No Cues,4,1,-1.693933,11.9659,-1.1305899,Backward
0.0112739642823683,-0.02736962,1.56425887490829,2.15991184,0,0,0,1,No Cues,4,1,-2.249819,11.3515,-1.3877553,Backward
0.0141091503252042,-0.03836106,1.61065293971299,2.19995084,0,0,0,1,No Cues,4,1,-1.898854,10.9403,-1.2339332,Backward
0.0164449072803203,-0.04706925,1.64242105939998,2.23998984,0,0,0,1,No Cues,4,1,-2.087266,10.8009,-0.9907377,Backward
0.0202312766582831,-0.05957605,1.69256223325873,2.28002884,0,0,0,1,No Cues,4,1,-2.932196,10.0982,-0.795583,Backward
0.024052365672097,-0.06013935,1.72829909489694,2.34008784,0,0,0,1,No Cues,4,1,-3.481527,8.86149999999998,-0.9119465,Backward
0.034140060998924,-0.06356405,1.79909496779213,2.39990284,0,0,0,1,No Cues,4,1,-3.16039,6.8218,-0.9801638,Backward
0.0449089828161504,-0.05055855,1.87321549938693,2.45996084,0,0,0,1,No Cues,4,1,-2.626737,5.87899999999999,-1.010046,Backward
0.0513657087091206,-0.03881295,1.93642999635355,2.49999984,0,0,0,1,No Cues,4,1,-4.826769,4.89599999999999,-1.4802831,Backward
0.0534117928060713,-0.03893439,1.97274909380748,2.54003884,0,0,0,1,No Cues,4,1,-4.646079,3.892,-1.5710581,Backward
0.0563188495484781,-0.03611751,2.02156029236986,2.60009784,0,0,0,1,No Cues,4,1,-3.484998,3.2259,-1.2945719,Backward
0.0578520687794073,-0.025931,2.06880535859683,2.64013684,0,0,0,1,No Cues,4,1,-3.553205,2.85069999999999,-1.2331129,Backward
0.0569263981404124,-0.01829487,2.11573352640538,2.69995084,0,0,0,1,No Cues,4,1,-3.590579,2.1446,-1.5616224,Backward
0.0543468970911047,-0.0118368,2.15946666041538,2.73998984,0,0,0,1,No Cues,4,1,-2.557157,1.13959999999997,-1.6288237,Backward
0.0529123730291303,-0.01063121,2.18741258936247,2.78002884,0,0,0,1,No Cues,4,1,-2.737893,0.736399999999975,-1.2118732,Backward
0.0509981328783644,-0.01138306,2.23214758610602,2.82006884,0,0,0,1,No Cues,4,1,-3.503815,0.312999999999988,-0.833062,Backward
0.047765486821524,-0.0178118,2.27873168935456,2.88012684,0,0,0,1,No Cues,4,1,-3.582759,-0.178300000000007,-0.42651,Backward
0.0449102118466702,-0.02468362,2.3268532255501,2.93994184,0,0,0,1,No Cues,4,1,-2.96838,-0.873400000000004,-0.236172,Backward
0.0394963457907835,-0.03488459,2.37520243625026,2.97998084,0,0,0,1,No Cues,4,1,-2.784236,-1.20060000000001,-0.510884,Backward
0.0321586993665479,-0.04848325,2.42305374626318,3.02001984,0,0,0,1,No Cues,4,1,-3.085733,-1.6267,-0.399578,Backward
0.0242136982202634,-0.05258415,2.47471693510965,3.08007784,0,0,0,1,No Cues,4,1,-3.433699,-1.52550000000002,0.179831,Backward
0.0182621697703806,-0.05469655,2.52848028647571,3.14013684,0,0,0,1,No Cues,4,1,-3.656996,-1.42710000000002,0.693449,Backward
0.011090528104825,-0.05087215,2.58151556865485,3.17993184,0,0,0,1,No Cues,4,1,-2.55052,-1.893,0.0950790000000001,Backward
0.00504360906504764,-0.03765023,2.63688970418874,3.21997084,0,0,0,1,No Cues,4,1,-2.275093,-1.72750000000002,-0.9569711,Backward
0.00061885027332953,-0.0263142,2.66820129804206,3.23998984,0,0,0,1,No Cues,4,1,-0.775090000000001,-1.12120000000002,-0.702271,Backward
0.000413276313745436,-0.02496429,2.68342989953226,3.28002884,0,0,0,1,No Cues,4,1,-2.186354,-0.914300000000026,-0.642213,Backward
-0.00140916103293209,-0.02768761,2.71458940099036,3.32006884,0,0,0,1,No Cues,4,1,-2.631504,-0.852400000000017,-0.144972,Backward
0.000127149736396159,-0.02358629,2.74648777733179,3.34008784,0,0,0,1,No Cues,4,1,-2.358545,-0.900100000000009,-0.263382,Backward
0.000352798633867835,-0.01917682,2.76254332673302,3.38012684,0,0,0,1,No Cues,4,1,-1.863628,-0.460599999999999,-0.562307,Backward
-0.000970527229388063,-0.01658518,2.79078869509067,3.39990284,0,0,0,1,No Cues,4,1,-1.006416,-0.356700000000018,-0.744825,Backward
-0.000272148263823935,-0.01325211,2.82004422461622,3.43994184,0,0,0,1,No Cues,4,1,-0.799943000000001,-0.462400000000002,-0.9012481,Backward
0.000413068824703045,-0.01248843,2.84936161499363,3.47998084,0,0,0,1,No Cues,4,1,-0.724901,-0.407200000000017,-1.73993767,Backward
-0.000374244271299284,-0.01498832,2.8945332768414,3.52001984,0,0,0,1,No Cues,4,1,-0.794110000000001,-0.0544000000000153,357.913671,Backward
0.00379119324167787,-0.02928946,3.00489006584564,3.64013684,0,0,0,1,No Cues,4,1,-0.568579000000001,0.429399999999987,-1.7779323,Backward
0.0111816133325604,-0.04975395,3.1025161349813,3.73998984,0,0,0,1,No Cues,4,1,-0.465982,0.36239999999998,-1.77695082,Backward
0.0234296180944382,-0.05736835,3.20897420231465,3.82006884,0,0,0,1,No Cues,4,1,-1.083306,0.841799999999978,357.722971,Backward
0.0319707019661373,-0.04713795,3.29958751472677,3.89990284,0,0,0,1,No Cues,4,1,-0.274365,1.37619999999998,357.662771,Backward
0.0403024640243914,-0.0273699,3.37177859346926,3.95996084,0,0,0,1,No Cues,4,1,-1.486136,1.02529999999999,357.600371,Backward
0.0384691972471387,-0.01816664,3.43149860470439,4.04003884,0,0,0,1,No Cues,4,1,0.0236459999999994,2.0496,356.972771,Backward
0.0376252300016173,-0.00945645999999999,3.48867194940529,4.10009784,0,0,0,1,No Cues,4,1,-0.255159,1.93429999999998,-1.5881138,Backward
0.0381271424832101,-0.00537314000000001,3.52756999296613,4.15991184,0,0,0,1,No Cues,4,1,0.36872,1.32399999999998,357.931071,Backward
0.0387064938588846,-0.00665023999999999,3.57621053478038,4.19995084,0,0,0,1,No Cues,4,1,0.89025,1.8355,-1.71660194,Backward
0.0374824214640348,-0.0068668,3.60147609228011,4.23998984,0,0,0,1,No Cues,4,1,-0.0818790000000007,3.2105,-1.4119015,Backward
0.0353251859989305,-0.00999658,3.63979801415451,4.30004884,0,0,0,1,No Cues,4,1,-0.200908,3.74869999999999,-0.664505,Backward
0.0324720028472012,-0.01346453,3.67857062529824,4.36010784,0,0,0,1,No Cues,4,1,0.106311,3.81369999999998,-0.9915163,Backward
0.0281433080465929,-0.01893982,3.73015876473283,4.41992184,0,0,0,1,No Cues,4,1,0.0422129999999994,4.25149999999999,-1.0357015,Backward
0.0182454012970166,-0.03115891,3.80185620883635,4.52001984,0,0,0,1,No Cues,4,1,-1.35679,3.96469999999999,-0.8648568,Backward
0.00625224798757995,-0.03853647,3.87551034475346,4.60009784,0,0,0,1,No Cues,4,1,-0.961589,4.52609999999999,-0.245433,Backward
-0.00760299555225208,-0.02083571,3.95266477836846,4.67993184,0,0,0,1,No Cues,4,1,-1.014106,5.2243,-1.64251,Backward
-0.0175635977013777,-0.01973954,4.03691806008987,4.76000984,0,0,0,1,No Cues,4,1,-1.857696,4.8321,357.279571,Backward
-0.0102322249952631,-0.020853,4.1021272271927,4.82006884,0,0,0,1,No Cues,4,1,-3.723487,5.4365,-1.2777272,Backward
0.00655715102554888,-0.02309905,4.15873426698309,4.89990284,0,0,0,1,No Cues,4,1,3.142064,5.68529999999998,-0.561693,Backward
0.0125224301054732,-0.01511619,4.20316582890138,4.97998084,0,0,0,1,No Cues,4,1,0.945385,5.69019999999998,357.978271,Backward
0.0203616387247967,-0.01647361,4.24608826886258,5.04003884,0,0,0,1,No Cues,4,1,-0.268395,5.42789999999999,357.918871,Backward
0.0282095406169094,-0.02540474,4.28747006433948,5.10009784,0,0,0,1,No Cues,4,1,0.633594,4.66229999999999,356.501471,Backward
0.0321119243676944,-0.03349773,4.32694127467133,5.15991184,0,0,0,1,No Cues,4,1,-0.946473,4.5829,356.275371,Backward
0.0387427473680686,-0.04524155,4.37279732080854,5.19995084,0,0,0,1,No Cues,4,1,-1.285595,4.6198,356.816371,Backward
0.0478999547262653,-0.05635565,4.42255522010502,5.26000984,0,0,0,1,No Cues,4,1,-2.513621,4.74359999999999,357.680971,Backward
0.0590282532691422,-0.06729035,4.4771731116383,5.32006884,0,0,0,1,No Cues,4,1,-2.286972,4.28179999999998,357.291671,Backward
0.0715402675435017,-0.07173005,4.53567055363193,5.36010784,0,0,0,1,No Cues,4,1,-2.335029,4.55459999999999,356.980271,Backward
0.0752329431226464,-0.07348785,4.57628238593567,5.39990284,0,0,0,1,No Cues,4,1,-2.122348,4.26609999999999,356.095471,Backward
0.0859425520298329,-0.07356755,4.66179104604127,5.47998084,0,0,0,1,No Cues,4,1,-3.338603,3.20039999999997,356.508671,Backward
0.105954403077392,-0.05056775,4.77064556906007,5.56005884,0,0,0,1,No Cues,4,1,-6.97481619,4.04859999999999,356.952371,Backward
0.106626256269048,-0.05670105,4.82032226695042,5.60009784,0,0,0,1,No Cues,4,1,-1.635005,4.86019999999999,357.562271,Backward
0.11375350857969,-0.02922796,4.95949862420445,5.76000984,0,0,0,1,No Cues,4,1,-0.68994,1.84039999999999,-1.45445,Backward
0.114114120508513,-0.02014773,5.05373991178073,5.88012684,0,0,0,1,No Cues,4,1,-0.0661860000000001,1.86799999999999,-1.3754748,Backward
0.115625627571917,-0.02300008,5.1513838026823,5.95996084,0,0,0,1,No Cues,4,1,-1.386625,2.1027,-1.1934445,Backward
0.113445690423074,-0.03156232,5.21587253530303,6.04003884,0,0,0,1,No Cues,4,1,-1.671694,1.89239999999998,-1.6380622,Backward
0.101480694796907,-0.05886565,5.33457633549352,6.14013684,0,0,0,1,No Cues,4,1,-2.537984,2.05699999999999,-1.5990019,Backward
0.0909416927446294,-0.06384685,5.40913345542008,6.21997084,0,0,0,1,No Cues,4,1,-1.836728,2.29329999999999,0.197954,Backward
0.0806116453183763,-0.03478054,5.51583902101612,6.30004884,0,0,0,1,No Cues,4,1,-2.783013,1.70779999999999,-1.800674282,Backward
0.0767184784497168,-0.03695122,5.57987659077585,6.36010784,0,0,0,1,No Cues,4,1,-2.342411,0.637099999999975,-0.344896,Backward
0.0802227289701201,-0.02850803,5.62517894970219,6.39990284,0,0,0,1,No Cues,4,1,-0.777239000000001,0.749899999999997,-1.3154804,Backward
0.084784023587902,-0.02609002,5.67153969503064,6.47998084,0,0,0,1,No Cues,4,1,-2.72346,2.65879999999999,-0.691926,Backward
0.0928522960556672,-0.01240756,5.79197310947773,6.62011684,0,0,0,1,No Cues,4,1,-0.628759000000001,2.47779999999997,358.022371,Backward
0.0971331494002823,-0.03315732,5.89497078690612,6.73998984,0,0,0,1,No Cues,4,1,-0.429877,3.18609999999998,-1.4876942,Backward
0.105460997656531,-0.05622595,5.98612132792164,6.82006884,0,0,0,1,No Cues,4,1,-0.28361,1.83519999999999,357.929071,Backward
0.116522842895867,-0.06454025,6.05139354007889,6.89990284,0,0,0,1,No Cues,4,1,0.177852,1.6567,357.819871,Backward
0.124057356608487,-0.05805565,6.12173218256731,6.97998084,0,0,0,1,No Cues,4,1,-0.78375,2.83249999999998,357.480071,Backward
0.130876396803586,-0.05035405,6.19071234110451,7.02001984,0,0,0,1,No Cues,4,1,0.253794,1.58319999999998,-1.1827752,Backward
0.135071030801308,-0.03229231,6.33604543928461,7.15991184,0,0,0,1,No Cues,4,1,-1.110762,2.21099999999998,357.451771,Backward
0.138108747621102,-0.02653212,6.40591421614897,7.23998984,0,0,0,1,No Cues,4,1,0.689857,0.674499999999995,357.871071,Backward
0.136233518437483,-0.01888306,6.44193212403531,7.30004884,0,0,0,1,No Cues,4,1,1.511511,-0.23690000000002,357.664771,Backward
0.134211508431257,-0.01815504,6.48302833394006,7.36010784,0,0,0,1,No Cues,4,1,-0.416478000000001,0.307599999999979,357.735471,Backward
0.126887926643374,-0.0259323,6.54275864488681,7.41992184,0,0,0,1,No Cues,4,1,-1.24098,0.804299999999984,358.099071,Backward
0.123724049897305,-0.03364611,6.57374815417521,7.47998084,0,0,0,1,No Cues,4,1,-0.837359,0.2483,-1.3460561,Backward
0.116995442865934,-0.03898578,6.61727518008346,7.52001984,0,0,0,1,No Cues,4,1,-0.342358,0.254799999999989,358.155171,Backward
0.0931953009641655,-0.05503035,6.72848097909797,7.65991184,0,0,0,1,No Cues,4,1,-2.293121,1.01589999999999,-0.721235,Backward
0.0710539851090384,-0.05446945,6.85004119847999,7.76000984,0,0,0,1,No Cues,4,1,-0.688120000000001,1.2046,-0.508918,Backward
0.0661990060201036,-0.04199835,6.90355128220302,7.82006884,0,0,0,1,No Cues,4,1,1.549905,1.04399999999998,-0.8679767,Backward
0.0624406738140102,-0.02803988,6.94464372139843,7.88012684,0,0,0,1,No Cues,4,1,-0.930279000000001,1.45699999999999,-1.71104878,Backward
0.0620825559573472,-0.03131727,6.98362550752478,7.91992184,0,0,0,1,No Cues,4,1,-1.922333,2.02949999999998,-1.1677742,Backward
0.0620703383980665,-0.02855844,7.01677699400324,7.97998084,0,0,0,1,No Cues,4,1,-0.0792000000000002,2.24639999999999,-1.0116724,Backward
0.0669206083067435,-0.02503406,7.05871464242102,8.04003884,0,0,0,1,No Cues,4,1,1.200189,2.12939999999998,-1.3002606,Backward
0.0662861627945877,-0.02595649,7.09258726853551,8.10009784,0,0,0,1,No Cues,4,1,-0.560504000000001,2.72739999999999,356.827971,Backward
0.067011734957058,-0.03122232,7.12945856634338,8.14013684,0,0,0,1,No Cues,4,1,-1.028712,2.94159999999999,356.834371,Backward
0.0705780562485729,-0.0377652,7.16792909189796,8.19995084,0,0,0,1,No Cues,4,1,-0.796942,3.15199999999999,357.077471,Backward
0.0736788867277605,-0.04169035,7.19544492296554,8.23998984,0,0,0,1,No Cues,4,1,-1.327237,3.02599999999998,356.931671,Backward
0.077039763096014,-0.05217095,7.2227946181382,8.28002884,0,0,0,1,No Cues,4,1,-1.310096,3.18119999999999,356.830971,Backward
0.0817121566928192,-0.06186315,7.26429643055737,8.30004884,0,0,0,1,No Cues,4,1,-0.992291000000001,3.52289999999999,356.720071,Backward
0.0846057258757589,-0.06468635,7.28035351305649,8.34008784,0,0,0,1,No Cues,4,1,-1.120315,3.48049999999998,357.037571,Backward
0.0908846708043709,-0.07118845,7.308782521843,8.38012684,0,0,0,1,No Cues,4,1,-0.087529,3.22619999999998,356.698371,Backward
0.0985144555994399,-0.08009015,7.36679210595616,8.43994184,0,0,0,1,No Cues,4,1,-0.131892000000001,3.45829999999998,355.250371,Backward
0.106251818369624,-0.08270955,7.41790032904562,8.49999984,0,0,0,1,No Cues,4,1,-1.301376,3.26889999999997,355.597371,Backward
0.117700101784666,-0.07064765,7.46997948414484,8.54003884,0,0,0,1,No Cues,4,1,-2.021995,2.61769999999999,355.704671,Backward
0.125237375404823,-0.08577225,7.49860897461141,8.58007784,0,0,0,1,No Cues,4,1,-0.716182000000001,2.3878,355.557971,Backward
0.132976262926699,-0.09029745,7.52903820779142,8.60009784,0,0,0,1,No Cues,4,1,-0.586382,2.87719999999999,354.310271,Backward
0.135812617149872,-0.09899325,7.54250442625544,8.62011684,0,0,0,1,No Cues,4,1,-1.079739,3.46939999999998,354.270171,Backward
0.14522935491938,-0.11919965,7.57001361653397,8.67993184,0,0,0,1,No Cues,4,1,-1.523599,4.12289999999999,353.919571,Backward
0.157984198953274,-0.15088625,7.62440209628539,8.71997084,0,0,0,1,No Cues,4,1,-3.537261,4.6181,351.675571,Backward
0.164796577654572,-0.19318035,7.67725173531377,8.76000984,0,0,0,1,No Cues,4,1,-2.382131,2.90129999999999,350.242171,Backward
0.170039412852302,-0.20766965,7.70861608762798,8.80004884,0,0,0,1,No Cues,4,1,-2.120853,1.0676,349.517971,Backward
0.172999551101962,-0.23432585,7.75367982166703,8.84008784,0,0,0,1,No Cues,4,1,-0.858743,-0.574300000000022,347.459971,Backward
0.176668454881194,-0.24532295,7.77960913903288,8.88012684,0,0,0,1,No Cues,4,1,0.297142,0.234799999999979,348.683471,Backward
0.178553095380111,-0.26420735,7.81654114591295,8.91992184,0,0,0,1,No Cues,4,1,1.843771,1.81359999999998,350.228071,Backward
0.179140203282588,-0.26979355,7.84066088234001,8.95996084,0,0,0,1,No Cues,4,1,2.059665,1.9956,351.073471,Backward
0.179705830958253,-0.27502495,7.86443787017137,8.99999984,0,0,0,1,No Cues,4,1,2.712508,1.64679999999998,351.298071,Backward
0.180822026640482,-0.27665105,7.88674101002205,9.04003884,0,0,0,1,No Cues,4,1,3.312254,1.56469999999999,351.380371,Backward
0.179867575045045,-0.27761615,7.90817132637884,9.08007784,0,0,0,1,No Cues,4,1,3.138284,1.4769,351.268871,Backward
0.177238893753224,-0.27949485,7.94306547275994,9.10009784,0,0,0,1,No Cues,4,1,2.784761,2.08349999999999,351.351671,Backward
0.172932116252615,-0.27876895,7.95571571440033,9.14013684,0,0,0,1,No Cues,4,1,2.587501,2.31309999999999,351.632971,Backward
0.168734300530733,-0.27784075,7.97989011259688,9.15991184,0,0,0,1,No Cues,4,1,2.705275,1.69619999999998,352.167671,Backward
0.167866651986463,-0.27467655,8.00572939654601,9.19995084,0,0,0,1,No Cues,4,1,2.961094,1.70639999999997,352.788571,Backward
0.164073893708027,-0.26800005,8.03491393131429,9.21997084,0,0,0,1,No Cues,4,1,2.894911,2.48829999999998,353.298771,Backward
0.160301273262303,-0.26184995,8.06564492153544,9.28002884,0,0,0,1,No Cues,4,1,2.752996,3.12119999999999,353.692771,Backward
0.151055864563728,-0.25304895,8.11383780892556,9.32006884,0,0,0,1,No Cues,4,1,2.402516,4.06389999999999,354.201071,Backward
0.138600963634314,-0.24224875,8.16262650217347,9.36010784,0,0,0,1,No Cues,4,1,2.509276,3.10939999999999,354.699971,Backward
0.133685438257885,-0.23508645,8.19955425843178,9.39990284,0,0,0,1,No Cues,4,1,1.437573,3.60399999999998,355.094371,Backward
0.123711189002493,-0.23090695,8.23468568796136,9.43994184,0,0,0,1,No Cues,4,1,1.749061,3.50309999999999,354.918271,Backward
0.111201173163499,-0.22330005,8.28833003022322,9.47998084,0,0,0,1,No Cues,4,1,2.69771,2.66649999999998,355.531571,Backward
0.105669552344932,-0.21223805,8.31652287649882,9.49999984,0,0,0,1,No Cues,4,1,4.770054,2.08789999999999,356.653771,Backward
0.107116610566532,-0.19772165,8.32986776227965,9.54003884,0,0,0,1,No Cues,4,1,3.859204,2.47359999999998,356.583971,Backward
0.101933332491394,-0.18784245,8.36158375506555,9.58007784,0,0,0,1,No Cues,4,1,1.685818,3.4853,356.015471,Backward
0.0936336821750399,-0.18305525,8.39049478634474,9.60009784,0,0,0,1,No Cues,4,1,1.813825,3.41099999999997,355.793571,Backward
0.0875978560744314,-0.17696295,8.42007273659967,9.62011684,0,0,0,1,No Cues,4,1,0.91796,3.27609999999999,355.921971,Backward
0.0823495644479215,-0.18344775,8.44740347292351,9.65991184,0,0,0,1,No Cues,4,1,1.319866,2.64059999999998,356.612871,Backward
0.0803543898906995,-0.18252685,8.47186223338855,9.69995084,0,0,0,1,No Cues,4,1,3.292274,1.67219999999998,356.849871,Backward
0.0803780504846934,-0.17707215,8.49338168192183,9.73998984,0,0,0,1,No Cues,4,1,4.512184,1.63649999999998,357.303571,Backward
0.0812807073758515,-0.17202885,8.51160711246645,9.78002884,0,0,0,1,No Cues,4,1,4.796044,1.398,357.348371,Backward
0.0826502699952661,-0.16675715,8.54092494369987,9.82006884,0,0,0,1,No Cues,4,1,4.799444,1.51809999999998,357.125971,Backward
0.0817937425028669,-0.16098995,8.55922062596796,9.86010784,0,0,0,1,No Cues,4,1,4.625464,1.6652,356.719471,Backward
0.0771116945066073,-0.15025965,8.58325028956446,9.89990284,0,0,0,1,No Cues,4,1,4.238414,1.15949999999998,356.860471,Backward
0.0777973842187568,-0.14212415,8.60028149641009,9.93994184,0,0,0,1,No Cues,4,1,3.580504,0.985899999999987,357.187771,Backward
0.0761229910823773,-0.13258945,8.62480074885841,9.99999984,0,0,0,1,No Cues,4,1,2.738936,0.933199999999999,357.722771,Backward
0.0750501423696689,-0.12443225,8.65237488089624,10.04003984,0,0,0,1,No Cues,4,1,1.279881,1.03889999999998,-1.75650054,Backward
0.0753592365397728,-0.11857985,8.72469732918026,10.15990984,0,0,0,1,No Cues,4,1,0.455418,-0.944600000000008,357.737271,Backward
0.079846853563072,-0.11156945,8.79786259165811,10.23998984,0,0,0,1,No Cues,4,1,-0.587068,-0.909900000000022,357.836371,Backward
0.0942220971402792,-0.11516025,8.92581661993817,10.38012984,0,0,0,1,No Cues,4,1,-1.912808,-2.41510000000002,357.428471,Backward
0.0837021010564767,-0.11078605,9.00250901848194,10.49999984,0,0,0,1,No Cues,4,1,-0.456355,-1.61960000000002,357.902271,Backward
0.093544715715528,-0.11332175,9.07510561469467,10.60009984,0,0,0,1,No Cues,4,1,1.01372,-2.6362,357.243271,Backward
0.113017188800581,-0.18961585,9.14321871319967,10.65990984,0,0,0,1,No Cues,4,1,4.809384,2.2439,348.020171,Backward
0.102959613431341,-0.25119935,9.19638971441924,10.71996984,0,0,0,1,No Cues,4,1,6.371164,-3.65640000000002,349.924071,Backward
0.110343092110383,-0.26486225,9.24198592516746,10.78002984,0,0,0,1,No Cues,4,1,5.343814,-3.69480000000001,350.919271,Backward
0.107162513833849,-0.29268275,9.28214989874861,10.84008984,0,0,0,1,No Cues,4,1,7.100634,-2.62900000000002,352.425771,Backward
0.109838632612984,-0.27290375,9.335425963452,10.88012984,0,0,0,1,No Cues,4,1,6.449404,1.42659999999998,353.161871,Backward
0.0994658230147969,-0.28397655,9.38300814615771,10.93993984,0,0,0,1,No Cues,4,1,6.360424,1.08089999999999,354.183571,Backward
0.0874402744439606,-0.28732115,9.41720620752923,10.97997984,0,0,0,1,No Cues,4,1,6.120444,-0.412600000000026,353.892871,Backward
0.0745650691235926,-0.28525285,9.47214754811134,11.04003984,0,0,0,1,No Cues,4,1,6.741274,-1.25900000000001,354.198771,Backward
0.0711330021737304,-0.27153795,9.53279927604593,11.08007984,0,0,0,1,No Cues,4,1,4.657884,-1.24050000000003,355.133771,Backward
0.060331792276437,-0.26980985,9.57275953732829,11.14013984,0,0,0,1,No Cues,4,1,4.534554,-0.452100000000002,355.208271,Backward
0.050821639875378,-0.24894185,9.6311057843482,11.19994984,0,0,0,1,No Cues,4,1,8.318764,-0.416600000000017,357.484871,Backward
0.0443789222768608,-0.22796375,9.67636771752549,11.23998984,0,0,0,1,No Cues,4,1,5.059374,0.587699999999984,357.058871,Backward
0.0360239720721677,-0.21533425,9.70286578736232,11.28002984,0,0,0,1,No Cues,4,1,5.400174,0.210299999999989,356.607071,Backward
0.028302470374883,-0.20611585,9.72914461306932,11.30004984,0,0,0,1,No Cues,4,1,4.771684,-0.0836000000000183,356.447271,Backward
0.0254053239565095,-0.20524765,9.74162307225427,11.32006984,0,0,0,1,No Cues,4,1,4.442364,-0.482100000000003,356.929371,Backward
0.0237889417179611,-0.20196815,9.76510230559905,11.36010984,0,0,0,1,No Cues,4,1,5.095404,-1.04150000000001,357.487071,Backward
0.0212152757585918,-0.19189755,9.786335536077,11.39989984,0,0,0,1,No Cues,4,1,5.806554,-1.0592,357.442071,Backward
0.0174271824238811,-0.18193585,9.80589009352245,11.41991984,0,0,0,1,No Cues,4,1,6.046254,-1.87710000000001,356.994671,Backward
0.0168188813673978,-0.17322695,9.8231817017711,11.47997984,0,0,0,1,No Cues,4,1,6.236224,-2.27520000000001,357.141071,Backward
0.0120594754940225,-0.15376605,9.85834088920102,11.54003984,0,0,0,1,No Cues,4,1,5.831584,-0.975100000000026,357.589671,Backward
0.00926036666323637,-0.13928995,9.88409673358154,11.58007984,0,0,0,1,No Cues,4,1,4.855084,-1.04790000000003,358.086771,Backward
0.00558774981491295,-0.12935365,9.91084452994845,11.64013984,0,0,0,1,No Cues,4,1,3.999494,-1.02380000000002,358.049171,Backward
0.0023622366542696,-0.11795125,9.94881274606206,11.69994984,0,0,0,1,No Cues,4,1,2.831869,-1.34220000000002,-1.793544375,Backward
0.000118691004691862,-0.11531465,9.97554355687876,11.73998984,0,0,0,1,No Cues,4,1,3.069074,-1.30940000000001,-1.5358226,Backward
0.00692054430605993,-0.11100845,10.0031468812015,11.80004984,0,0,0,1,No Cues,4,1,1.513513,-2.03400000000002,-1.3154649,Backward
0.00949574851630797,-0.10930515,10.031821793813,11.84008984,0,0,0,1,No Cues,4,1,2.789551,-1.08970000000002,357.905471,Backward
0.0103618690560887,-0.10009205,10.0606186777626,11.88012984,0,0,0,1,No Cues,4,1,3.296944,-1.48910000000001,358.038071,Backward
0.0164142975804884,-0.09520755,10.0850066594126,11.91991984,0,0,0,1,No Cues,4,1,3.427954,-1.5737,-1.4891907,Backward
0.02080771099268,-0.09409965,10.1172193675662,11.97997984,0,0,0,1,No Cues,4,1,3.832814,-1.0848,-1.3703669,Backward
0.0230984884907365,-0.09161155,10.1620314069803,12.04003984,0,0,0,1,No Cues,4,1,0.937396999999999,0.205500000000001,357.903071,Backward
0.0161958206233839,-0.09189785,10.1901219987205,12.10009984,0,0,0,1,No Cues,4,1,2.067064,-1.43050000000002,357.046571,Backward
0.0126912352876627,-0.08595515,10.2202572623434,12.15990984,0,0,0,1,No Cues,4,1,2.184774,-3.45570000000001,356.871371,Backward
0.0109516004183585,-0.06783285,10.2623420875839,12.19994984,0,0,0,1,No Cues,4,1,1.783301,-3.64100000000002,357.206671,Backward
0.00571806272373165,-0.06432215,10.2841726440633,12.23998984,0,0,0,1,No Cues,4,1,0.93233,-2.46210000000002,358.021471,Backward
0.00610118849807517,-0.05563745,10.3158033538821,12.28002984,0,0,0,1,No Cues,4,1,1.235422,-2.80170000000001,-0.8847114,Backward
0.0068802685057755,-0.05102955,10.3344059776847,12.32006984,0,0,0,1,No Cues,4,1,1.528228,-2.25140000000002,-1.2797001,Backward
0.00430372644379406,-0.05013835,10.3532807237493,12.36010984,0,0,0,1,No Cues,4,1,0.844078,-2.51330000000002,358.169871,Backward
0.00166699523160707,-0.05509305,10.3735962485152,12.39989984,0,0,0,1,No Cues,4,1,0.254791,-2.56970000000001,-1.71403855,Backward
-0.00196904433240541,-0.06359875,10.4045392898216,12.43993984,0,0,0,1,No Cues,4,1,0.165807,-2.30440000000002,-1.331924,Backward
-0.00586396566216674,-0.07110985,10.4284722858905,12.47997984,0,0,0,1,No Cues,4,1,-0.399793000000001,-1.57920000000001,-0.499983,Backward
-0.0129356640872108,-0.08080635,10.4660111025259,12.54003984,0,0,0,1,No Cues,4,1,0.0615879999999995,-2.07380000000001,-0.255099,Backward
-0.0292565841934652,-0.09246985,10.5250365757717,12.60009984,0,0,0,1,No Cues,4,1,-0.949791,-1.37020000000001,-0.422285,Backward
-0.0487209240907521,-0.09749705,10.595910102725,12.65990984,0,0,0,1,No Cues,4,1,-1.078342,-1.83000000000001,0.111148,Backward
-0.0686537745877821,-0.09937375,10.6579375103241,12.69994984,0,0,0,1,No Cues,4,1,-2.305074,-1.10060000000001,0.2564,Backward
-0.0822415257591657,-0.10292085,10.7028224352222,12.73998984,0,0,0,1,No Cues,4,1,-3.055698,-1.0231,1.029824,Backward
-0.0952468479244267,-0.11011355,10.7465308140681,12.78002984,0,0,0,1,No Cues,4,1,-3.562302,-0.74860000000001,1.823691,Backward
-0.106915936096946,-0.10140125,10.7916143331675,12.80004984,0,0,0,1,No Cues,4,1,-3.095578,-0.318400000000025,1.891035,Backward
-0.111052105148681,-0.10331035,10.8127296300355,12.84008984,0,0,0,1,No Cues,4,1,-4.580138,0.366399999999999,1.437666,Backward
-0.125633603085225,-0.09633585,10.8551492546969,12.88012984,0,0,0,1,No Cues,4,1,-5.282037,0.601499999999987,0.995294,Backward
-0.140630636525158,-0.08788915,10.913877752296,12.91991984,0,0,0,1,No Cues,4,1,-5.281517,-0.349500000000006,1.816597,Backward
-0.143967577466016,-0.06900395,10.9592136878566,12.95995984,0,0,0,1,No Cues,4,1,-3.78256,-0.226200000000006,1.18779,Backward
-0.152650892708523,-0.06087825,10.988304772418,12.99999984,0,0,0,1,No Cues,4,1,-4.424826,0.0137,0.00202400000000003,Backward
-0.165861059855918,-0.05363675,11.0318651393276,13.04003984,0,0,0,1,No Cues,4,1,-5.165309,-0.00260000000000105,-0.685422,Backward
-0.172236598382092,-0.04939095,11.0586455326791,13.08007984,0,0,0,1,No Cues,4,1,-4.649671,-0.51600000000002,0.145299,Backward
-0.186842999869762,-0.02715736,11.1552702340845,13.21996984,0,0,0,1,No Cues,4,1,-4.217416,-1.57490000000001,0.185088,Backward
-0.198773557605838,-0.02429815,11.2251657711823,13.32006984,0,0,0,1,No Cues,4,1,-4.671363,-1.74000000000001,0.00648800000000005,Backward
-0.208958574162655,-0.02818285,11.285681136747,13.39989984,0,0,0,1,No Cues,4,1,-5.080801,-1.38150000000002,0.106744,Backward
-0.212687734183567,-0.05124845,11.409261155846,13.52001984,0,0,0,1,No Cues,4,1,-6.9853386,-1.59580000000003,-0.174135,Backward
-0.208490420104363,-0.04787455,11.4773057495627,13.60009984,0,0,0,1,No Cues,4,1,-3.850022,-1.85420000000002,-0.563176,Backward
-0.204139773020727,-0.03074939,11.5221324307118,13.65990984,0,0,0,1,No Cues,4,1,352.008694,-1.15800000000002,-1.1039136,Backward
-0.217135963960795,-0.02606956,11.5608484467523,13.69994984,0,0,0,1,No Cues,4,1,-3.578829,-0.0874000000000024,356.922671,Backward
-0.221630280732089,-0.02075121,11.5714065353601,13.73998984,0,0,0,1,No Cues,4,1,-5.331986,-0.467600000000004,357.297471,Backward
-0.224806800282103,-0.0190454,11.594078241263,13.78002984,0,0,0,1,No Cues,4,1,-5.786216,-0.997600000000006,-1.4029177,Backward
-0.224026434592525,-0.01471183,11.61700687924,13.80004984,0,0,0,1,No Cues,4,1,-5.14243,-1.35400000000001,-1.1229565,Backward
-0.224422437866205,-0.01447657,11.6265521059197,13.84008984,0,0,0,1,No Cues,4,1,-4.034972,-1.20160000000001,-1.4402819,Backward
-0.226913415163986,-0.0122449,11.6456335771186,13.86010984,0,0,0,1,No Cues,4,1,-3.899213,-1.13290000000001,-1.3789371,Backward
-0.227356465507116,-0.01175035,11.656012299793,13.89989984,0,0,0,1,No Cues,4,1,-4.429884,-1.10210000000001,-1.2847958,Backward
-0.229544669334528,-0.01255283,11.6765621159056,13.91991984,0,0,0,1,No Cues,4,1,-4.81358,-0.966500000000025,-1.2957021,Backward
-0.233174648072033,-0.01448544,11.6985391922847,13.95995984,0,0,0,1,No Cues,4,1,-5.046381,-0.66670000000002,-1.483583,Backward
-0.238978550077461,-0.0189268,11.7200686687698,13.99999984,0,0,0,1,No Cues,4,1,-4.856441,-0.8202,-1.3447702,Backward
-0.244247514806597,-0.02043097,11.7434106773375,14.02001984,0,0,0,1,No Cues,4,1,-4.711464,-0.804300000000012,-1.3905357,Backward
-0.249920286069181,-0.02362233,11.7671614282244,14.06005984,0,0,0,1,No Cues,4,1,-4.647748,-0.447400000000016,-0.8877792,Backward
-0.25672017595,-0.03038771,11.8033121215673,14.10009984,0,0,0,1,No Cues,4,1,-4.177795,0.334499999999991,-0.629794,Backward
-0.26279739846861,-0.03233447,11.829611118357,14.15990984,0,0,0,1,No Cues,4,1,-4.742301,1.09389999999999,-0.9747079,Backward
-0.276876538500577,-0.04321975,11.882981286902,14.21996984,0,0,0,1,No Cues,4,1,-4.525195,2.40509999999998,-1.4274164,Backward
-0.287049570079756,-0.05015655,11.927689074236,14.26000984,0,0,0,1,No Cues,4,1,-5.084232,3.39149999999998,-1.3443342,Backward
-0.297814326834441,-0.05889225,11.9742738448721,14.30004984,0,0,0,1,No Cues,4,1,-5.300185,4.38029999999998,-1.3170132,Backward
-0.304530350142078,-0.05802565,12.0074877186754,14.34008984,0,0,0,1,No Cues,4,1,-5.219242,4.64529999999999,-1.592841,Backward
-0.312732481314839,-0.04581085,12.0577599419726,14.39989984,0,0,0,1,No Cues,4,1,-5.04379,5.15599999999998,357.937071,Backward
-0.31616999860489,-0.04180905,12.1049376922356,14.43993984,0,0,0,1,No Cues,4,1,-4.507971,5.61309999999997,358.147171,Backward
-0.318150517522438,-0.03353356,12.1483447675149,14.49999984,0,0,0,1,No Cues,4,1,-3.38686,6.70639999999997,357.386371,Backward
-0.319631961403641,-0.02338143,12.1862675789095,14.54003984,0,0,0,1,No Cues,4,1,-2.785855,7.63719999999998,356.712571,Backward
-0.321226030777055,-0.01763306,12.2116120254823,14.58007984,0,0,0,1,No Cues,4,1,-3.831012,8.31599999999997,356.366071,Backward
-0.321531494484877,-0.01758668,12.2375268888577,14.62011984,0,0,0,1,No Cues,4,1,-4.166147,8.38629999999998,356.461771,Backward
-0.317373818205953,-0.01637056,12.2706597469143,14.67992984,0,0,0,1,No Cues,4,1,-2.547134,8.56909999999999,356.911671,Backward
-0.312526135038739,-0.01233166,12.3014808971641,14.69994984,0,0,0,1,No Cues,4,1,-2.119037,9.07039999999998,356.479171,Backward
-0.310667590559134,-0.01130995,12.3120271782819,14.73998984,0,0,0,1,No Cues,4,1,-2.439434,9.21439999999998,356.350471,Backward
-0.305365097583796,-0.01318719,12.3322710437134,14.76000984,0,0,0,1,No Cues,4,1,-2.484147,9.23309999999998,356.522471,Backward
-0.2978631099155,-0.01363455,12.3515387098283,14.80004984,0,0,0,1,No Cues,4,1,-2.443664,9.1241,356.827971,Backward
-0.287886859497319,-0.01631275,12.3690877759768,14.84008984,0,0,0,1,No Cues,4,1,-1.698831,9.24939999999998,356.430771,Backward
-0.268032404776529,-0.01981773,12.4046155746667,14.89989984,0,0,0,1,No Cues,4,1,-1.841088,9.31509999999997,356.169871,Backward
-0.248466809405798,-0.02439932,12.4323235985442,14.93993984,0,0,0,1,No Cues,4,1,-2.236567,9.03139999999999,356.184271,Backward
-0.226044666685386,-0.02741264,12.4617568738814,14.99999984,0,0,0,1,No Cues,4,1,-2.151789,8.08459999999999,355.840271,Backward
-0.208979373832782,-0.0284554,12.4814211243653,15.04003984,0,0,0,1,No Cues,4,1,-1.87948,7.2346,355.458571,Backward
-0.182235259508416,-0.03009642,12.5118933970147,15.08007984,0,0,0,1,No Cues,4,1,-1.97632,6.62649999999999,355.191671,Backward
-0.161761238372553,-0.03367358,12.5311789146364,15.12011984,0,0,0,1,No Cues,4,1,-1.791061,6.49839999999998,355.682671,Backward
-0.131415184535138,-0.03180868,12.5617890820077,15.17992984,0,0,0,1,No Cues,4,1,-2.089987,6.702,356.042571,Backward
-0.0974307590482721,-0.02313147,12.5929858853397,15.23998984,0,0,0,1,No Cues,4,1,-2.111111,5.56449999999998,356.912171,Backward
-0.0443325234097129,-0.01501525,12.642205454046,15.28002984,0,0,0,1,No Cues,4,1,-0.806990000000001,5.09549999999999,356.471571,Backward
-0.0281736019958857,-0.01394108,12.661092224945,15.32006984,0,0,0,1,No Cues,4,1,-1.156017,5.1549,357.182771,Backward
-0.00931791405167043,-0.01393629,12.6800195466834,15.36010984,0,0,0,1,No Cues,4,1,-0.861048,4.63039999999998,357.813171,Backward
0.00883427393237324,-0.01447805,12.69955036189,15.39989984,0,0,0,1,No Cues,4,1,-0.953312,4.15389999999999,357.484671,Backward
0.0355084426458801,-0.01542001,12.7292717458248,15.43993984,0,0,0,1,No Cues,4,1,-0.61936,3.5958,357.425471,Backward
0.0766021359758921,-0.01807012,12.7847788078092,15.54003984,0,0,0,1,No Cues,4,1,1.897523,2.68719999999999,355.577971,Backward
0.0970148735088458,-0.01975281,12.8252189871177,15.62011984,0,0,0,1,No Cues,4,1,1.577716,2.68679999999998,355.726471,Backward
0.119435991111808,-0.0283258,12.8700530608416,15.67992984,0,0,0,1,No Cues,4,1,1.596645,2.63309999999998,356.201571,Backward
0.142632394106918,-0.03846761,12.9196050167516,15.73998984,0,0,0,1,No Cues,4,1,2.108698,2.39869999999999,356.688671,Backward
0.165877176693634,-0.04480265,12.9738288896743,15.80004984,0,0,0,1,No Cues,4,1,1.158555,2.20509999999999,355.861971,Backward
0.17691218185995,-0.05588875,13.0219886755732,15.84008984,0,0,0,1,No Cues,4,1,-0.0960380000000001,1.93819999999999,355.495271,Backward
0.189672099103262,-0.06186555,13.0759851266617,15.89989984,0,0,0,1,No Cues,4,1,-0.918487000000001,2.18819999999999,356.269871,Backward
0.199122464081366,-0.06594695,13.1294696235981,15.95995984,0,0,0,1,No Cues,4,1,-0.897566,2.13339999999999,357.049971,Backward
0.215455608562306,-0.05079195,13.2008343511525,16.04003984,0,0,0,1,No Cues,4,1,1.810818,1.27359999999999,357.902871,Backward
0.227252921005387,-0.04252065,13.268767990108,16.10009984,0,0,0,1,No Cues,4,1,-0.391471,-0.278200000000027,356.468071,Backward
0.239079861720441,-0.03999818,13.3321809341826,16.14013984,0,0,0,1,No Cues,4,1,1.042527,-2.0831,357.048171,Backward
0.250614493858706,-0.03476148,13.37947539137,16.19994984,0,0,0,1,No Cues,4,1,1.031328,-2.18770000000001,357.844271,Backward
0.257604215358807,-0.03045156,13.4213855134738,16.23998984,0,0,0,1,No Cues,4,1,2.161137,-2.89800000000002,357.216371,Backward
0.258623339782424,-0.02914528,13.4665017300539,16.30004984,0,0,0,1,No Cues,4,1,1.080209,-3.34720000000002,356.692971,Backward
0.261279986632758,-0.03390009,13.5307689740318,16.38012984,0,0,0,1,No Cues,4,1,0.728456,-4.00120000000001,357.398471,Backward
0.265417248542704,-0.04405195,13.614676873397,16.47997984,0,0,0,1,No Cues,4,1,0.473863,-4.524,357.970871,Backward
0.269747108858447,-0.06243425,13.7245482198898,16.54003984,0,0,0,1,No Cues,4,1,-0.831017,-5.09350000000001,-1.76331584,Backward
0.271953795934575,-0.07066285,13.7847392135795,16.60009984,0,0,0,1,No Cues,4,1,-0.904102,-4.92290000000003,357.519071,Backward
0.274615492575984,-0.07807655,13.8446857680222,16.64013984,0,0,0,1,No Cues,4,1,-0.157943,-5.1885,358.149271,Backward
0.278469823031798,-0.05437655,13.911853226901,16.67992984,0,0,0,1,No Cues,4,1,-1.079502,-5.56630000000001,-1.5200667,Backward
0.279528667112791,-0.05084205,13.9541794848955,16.71996984,0,0,0,1,No Cues,4,1,-0.800696,-6.99900000000002,-1.4953588,Backward
0.282291261202368,-0.05446735,13.9916204649995,16.76000984,0,0,0,1,No Cues,4,1,0.189184999999999,-7.8005,356.951971,Backward
0.278704654701991,-0.04518085,14.0258405486648,16.80004984,0,0,0,1,No Cues,4,1,0.644013999999999,-7.23500000000001,355.760271,Backward
0.271394406130029,-0.03864047,14.0610423821622,16.84008984,0,0,0,1,No Cues,4,1,0.516837,-7.04770000000002,356.458271,Backward
0.26712435556239,-0.03789466,14.0939828939433,16.86010984,0,0,0,1,No Cues,4,1,1.284786,-7.92430000000002,357.800771,Backward
0.267479841282994,-0.03589527,14.1111720342052,16.89989984,0,0,0,1,No Cues,4,1,1.446773,-8.39960000000002,357.844771,Backward
0.266270545724826,-0.03097167,14.1430554845822,16.93993984,0,0,0,1,No Cues,4,1,2.468473,-8.86540000000002,357.355971,Backward
0.261178829210113,-0.0276411,14.1908793564554,16.95995984,0,0,0,1,No Cues,4,1,2.70166,-8.78880000000001,356.995471,Backward
0.25771002770312,-0.0275573,14.2071676879413,16.99999984,0,0,0,1,No Cues,4,1,2.15114,-8.48020000000002,356.974171,Backward
0.250701939583397,-0.03002091,14.2404456390849,17.04003984,0,0,0,1,No Cues,4,1,1.374446,-8.27200000000002,357.461471,Backward
0.241555798681244,-0.0358338,14.2908422554317,17.08007984,0,0,0,1,No Cues,4,1,1.464461,-8.73390000000001,358.024771,Backward
0.23497266510703,-0.04039145,14.3253071155374,17.10009984,0,0,0,1,No Cues,4,1,1.620985,-8.8597,357.782771,Backward
0.225623430794072,-0.04624035,14.3593175836172,17.14013984,0,0,0,1,No Cues,4,1,1.692115,-9.07180000000002,357.445071,Backward
0.216165421535063,-0.05447985,14.3945589483829,17.17992984,0,0,0,1,No Cues,4,1,1.377003,-9.21640000000002,357.469671,Backward
0.205646194783878,-0.06194125,14.4311736596723,17.21996984,0,0,0,1,No Cues,4,1,0.947035999999999,-9.04990000000001,357.512371,Backward
0.193740636275148,-0.06743735,14.4695847457049,17.23998984,0,0,0,1,No Cues,4,1,0.606174999999999,-8.56880000000001,357.704771,Backward
0.182655176391165,-0.07104085,14.5091734753533,17.28002984,0,0,0,1,No Cues,4,1,0.435944999999999,-8.33600000000001,-1.5993178,Backward
0.177420212594487,-0.06952715,14.5308814216527,17.32006984,0,0,0,1,No Cues,4,1,0.1073,-8.12860000000001,-1.6172708,Backward
0.164842041962397,-0.06848885,14.5718105648613,17.34008984,0,0,0,1,No Cues,4,1,0.368093,-7.81130000000002,357.923371,Backward
0.153025640530088,-0.05865255,14.6148597938526,17.38012984,0,0,0,1,No Cues,4,1,0.016502,-7.48850000000002,357.693371,Backward
0.144157062152715,-0.04870505,14.6531262061428,17.39989984,0,0,0,1,No Cues,4,1,1.398931,-7.39550000000003,-1.5395027,Backward
0.141154263268533,-0.05005705,14.6717490588143,17.43993984,0,0,0,1,No Cues,4,1,-0.409019000000001,-7.01060000000001,-1.74503879,Backward
0.133272156340695,-0.04237755,14.7116161573696,17.47997984,0,0,0,1,No Cues,4,1,-1.259094,-6.554,358.090971,Backward
0.125328146054055,-0.03607087,14.7676456462822,17.49999984,0,0,0,1,No Cues,4,1,-0.465146000000001,-5.95970000000003,-1.5512383,Backward
0.124829260336988,-0.03271367,14.7843976258683,17.54003984,0,0,0,1,No Cues,4,1,0.168968,-5.21600000000001,-1.4658301,Backward
0.121209323718106,-0.02256793,14.8358848385976,17.58007984,0,0,0,1,No Cues,4,1,0.820354,-4.25320000000002,-1.6366626,Backward
0.117178134614301,-0.01820542,14.8849830629733,17.62011984,0,0,0,1,No Cues,4,1,0.942961,-3.83880000000002,357.255771,Backward
0.114625002472845,-0.0189738,14.9192790017601,17.65990984,0,0,0,1,No Cues,4,1,0.0737649999999999,-3.87460000000002,356.886571,Backward
0.113635018809337,-0.02378096,14.9717471437135,17.69994984,0,0,0,1,No Cues,4,1,-0.456302,-3.42930000000001,356.942971,Backward
