X,Y,Z,Time,Up HUD,Right HUD,Down HUD,Left HUD,Trial Type,Layout Number,Rotation X,Rotation Y,Rotation Z,Direction
-0,0,-0,0,0,0,1,0,HUD,5,0,0,0,Backward
-0.00562392592253591,-0.00172599,0.00745043644478827,0.080078122,0,0,1,0,HUD,5,0.174868,0.570499999999981,-0.0664849999999999,Backward
-0.0122001408334818,-0.00477282,0.0184420606398312,0.160034222,0,0,1,0,HUD,5,0.694347,1.08679999999998,-0.0584747999999999,Backward
-0.018502129553347,-0.01067346,0.0303767993539665,0.220092822,0,0,1,0,HUD,5,1.737257,1.3715,-0.1487587,Backward
-0.0246081799510578,-0.01563714,0.0456598552833487,0.300048822,0,0,1,0,HUD,5,2.881987,1.38399999999999,0.163306,Backward
-0.0310336760583927,-0.01900162,0.0759748273726419,0.380004922,0,0,1,0,HUD,5,3.828297,0.975499999999982,0.810306,Backward
-0.0339555721420299,-0.02018581,0.102161430307662,0.460083022,0,0,1,0,HUD,5,4.426967,0.149699999999996,0.857396,Backward
-0.0348040559085061,-0.02635157,0.139557255265778,0.520019522,0,0,1,0,HUD,5,5.022587,-0.434200000000004,0.335698,Backward
-0.034985125221477,-0.03272845,0.173968453790444,0.599975622,0,0,1,0,HUD,5,5.143157,-0.140600000000006,0.310649,Backward
-0.0326121360285696,-0.03642919,0.211112675942621,0.660034222,0,0,1,0,HUD,5,4.807497,-0.0477000000000203,0.521387,Backward
-0.0263857561612566,-0.03240453,0.261096746392594,0.760009722,0,0,1,0,HUD,5,4.318887,0.823199999999986,0.396759,Backward
-0.0203676042728027,-0.02310207,0.323138604455094,0.840087922,0,0,1,0,HUD,5,3.734367,0.882999999999981,0.488762,Backward
-0.0201688018480968,-0.0218193,0.365831986173999,0.900024422,0,0,1,0,HUD,5,3.653067,0.335899999999981,-0.5639779,Backward
-0.0240039899933935,-0.01659232,0.406867192666597,0.960083022,0,0,1,0,HUD,5,2.407537,0.906699999999972,-0.4812102,Backward
-0.0311529522687177,-0.01693787,0.443723813990125,1.020019922,0,0,1,0,HUD,5,2.782747,1.38729999999998,-0.0327339999999998,Backward
-0.0372213349152992,-0.01844059,0.492663520170838,1.119994922,0,0,1,0,HUD,5,2.336167,1.56999999999999,0.106136,Backward
-0.0507846676860519,-0.02806961,0.543532596102587,1.200072922,0,0,1,0,HUD,5,3.728197,2.0607,-0.1256237,Backward
-0.0663185235895818,-0.03276528,0.584036203420558,1.280028922,0,0,1,0,HUD,5,4.293337,1.46359999999999,0.124176,Backward
-0.0866565718198409,-0.03260074,0.631712395006963,1.340087922,0,0,1,0,HUD,5,5.766997,1.00089999999997,0.173516,Backward
-0.106996486427584,-0.02118787,0.701886823424655,1.479980922,0,0,1,0,HUD,5,4.578427,1.05249999999998,0.0267430000000002,Backward
-0.118559502319658,-0.01831417,0.782288577687106,1.619994922,0,0,1,0,HUD,5,4.253767,1.86099999999999,0.824752,Backward
-0.124124899690991,-0.03192912,0.870444442155099,1.720092922,0,0,1,0,HUD,5,5.373757,1.46079999999998,-0.0242559999999998,Backward
-0.122854036948691,-0.03989996,0.937507533508617,1.820067922,0,0,1,0,HUD,5,5.793287,2.23139999999998,-0.1317714,Backward
-0.117852274412836,-0.0347533,1.00672069944932,1.900023922,0,0,1,0,HUD,5,4.439277,2.13159999999999,-0.4727492,Backward
-0.117073231435733,-0.01872701,1.06771404102887,1.979980922,0,0,1,0,HUD,5,0.736007000000001,1.1403,-0.3215814,Backward
-0.121794154240916,-0.02189826,1.13347101372278,2.099975922,0,0,1,0,HUD,5,1.955177,1.6318,-0.8632699,Backward
-0.137141583475914,-0.02333648,1.20436539686331,2.200072922,0,0,1,0,HUD,5,5.241817,2.15099999999998,0.65163,Backward
-0.145360922595395,-0.03031897,1.25635172203098,2.300048922,0,0,1,0,HUD,5,4.543227,0.863099999999974,0.693349,Backward
-0.158301594226837,-0.04388886,1.30550636566439,2.359984922,0,0,1,0,HUD,5,4.674587,0.543499999999995,0.195248,Backward
-0.190679294793259,-0.03672536,1.38204682818606,2.499999922,0,0,1,0,HUD,5,4.092667,1.24469999999999,-0.1044491,Backward
-0.208797812853569,-0.02102463,1.44894988175836,2.640014922,0,0,1,0,HUD,5,0.823527,1.33059999999998,-0.9151418,Backward
-0.219474186724106,-0.02177272,1.50743849923199,2.739989922,0,0,1,0,HUD,5,2.632707,2.24009999999998,0.0914280000000001,Backward
-0.231557991890358,-0.013612,1.55439815998145,2.840087922,0,0,1,0,HUD,5,4.132897,2.12729999999999,358.934022,Backward
-0.236496753028745,-0.02374816,1.59713107188103,2.920043922,1,0,0,0,HUD,5,2.844777,2.01139999999998,-0.6421893,Backward
-0.24136851467567,-0.03346364,1.64489917822256,3.020019922,1,0,0,0,HUD,5,2.345637,0.654299999999978,-0.5060243,Backward
-0.241362724522684,-0.04898056,1.72231747548151,3.140014922,1,0,0,0,HUD,5,1.293397,-1.65750000000003,358.524922,Backward
-0.235887937986149,-0.04668956,1.82002327289588,3.239989922,1,0,0,0,HUD,5,-0.222231000000001,-2.94540000000001,357.993922,Backward
-0.232277471085975,-0.01890359,1.89249661206114,3.320067922,1,0,0,0,HUD,5,-2.428685,-3.1687,-0.7921145,Backward
-0.220896311832941,-0.00779478,1.93075988477869,3.380004922,0,0,0,0,HUD,5,-5.197192,-3.2236,358.554622,Backward
-0.224936330723491,-0.01226214,1.96288832769713,3.440063922,0,0,0,0,HUD,5,-5.94909,-2.8588,357.775122,Backward
-0.225288776863574,-0.01580377,1.99827598665783,3.520019922,0,0,0,0,HUD,5,-1.086215,-2.04560000000001,358.275622,Backward
-0.228399703360644,-0.01696387,2.02554222633861,3.580077922,0,0,0,0,HUD,5,3.492697,-1.58200000000002,-0.9580874,Backward
-0.229763677145999,-0.00855261,2.04925835824313,3.640014922,1,0,0,0,HUD,5,2.564847,-2.6276,-0.5190365,Backward
-0.229963653911754,-0.01270765,2.06722183937273,3.700072922,1,0,0,0,HUD,5,2.047027,-2.85010000000003,-0.8336428,Backward
-0.234645781164676,-0.01728776,2.1006061954454,3.760009922,1,0,0,0,HUD,5,1.983637,-3.34490000000002,358.945322,Backward
-0.238513024559912,-0.02560803,2.13636090788338,3.840087922,1,0,0,0,HUD,5,1.968957,-3.63000000000002,358.746822,Backward
-0.24486305314509,-0.03483909,2.17316535681238,3.900023922,1,0,0,0,HUD,5,3.943387,-2.3109,358.467922,Backward
-0.256044916642752,-0.04251466,2.20856611903185,3.960082922,1,0,0,0,HUD,5,5.977287,-0.721800000000002,-0.95577444,Backward
-0.269646173112883,-0.04921866,2.24223630023768,4.020019922,1,0,0,0,HUD,5,6.927877,-0.935300000000012,-0.981924,Backward
-0.281583178558187,-0.0307977,2.27427138709567,4.080077922,1,0,0,0,HUD,5,5.658127,-2.18000000000001,358.272522,Backward
-0.295434976066921,-0.03104998,2.31149370205293,4.160033922,1,0,0,0,HUD,5,7.159707,-2.73100000000002,358.399722,Backward
-0.302863658829905,-0.03029767,2.34808230574871,4.239989922,1,0,0,0,HUD,5,5.760587,-2.80470000000003,358.268022,Backward
-0.307595347651782,-0.02742184,2.38456566838009,4.300048922,1,0,0,0,HUD,5,5.544777,-2.46250000000001,358.384622,Backward
-0.309059255553541,-0.0308624,2.42112133494022,4.359984922,1,0,0,0,HUD,5,7.484467,-1.61320000000001,358.467422,Backward
-0.309094219898416,-0.03158164,2.45073919743052,4.420043922,1,0,0,0,HUD,5,8.205907,-0.976200000000006,358.219922,Backward
-0.307942092261619,-0.03998126,2.48911812564521,4.479980922,1,0,0,0,HUD,5,9.217327,-0.581200000000024,357.967422,Backward
-0.30558144709347,-0.04429336,2.52967687274606,4.540038922,0,0,0,0,HUD,5,9.695827,-0.633200000000016,357.776622,Backward
-0.303660849366234,-0.04617266,2.55919902221675,4.599975922,0,0,0,0,HUD,5,9.979777,-1.60570000000001,357.494622,Backward
-0.299402411275133,-0.04139246,2.59095534993304,4.640014922,0,0,0,0,HUD,5,9.421657,-2.2612,357.587722,Backward
-0.297725103350859,-0.03546672,2.60923733254235,4.680053922,0,0,0,0,HUD,5,9.620277,-2.24080000000001,357.757322,Backward
-0.2975416963569,-0.03221504,2.63582681610023,4.739989922,0,0,0,0,HUD,5,7.991617,-2.36340000000001,358.296222,Backward
-0.298928362636236,-0.03247661,2.66559697724574,4.780028922,0,0,0,0,HUD,5,6.681917,-3.62470000000002,358.328022,Backward
-0.299689187824265,-0.03146714,2.68428412269477,4.840087922,0,0,0,0,HUD,5,7.449797,-4.17080000000001,358.073422,Backward
-0.30255668525979,-0.03031367,2.70998761406184,4.880004922,0,0,0,0,HUD,5,6.858747,-4.57690000000002,358.164822,Backward
-0.304775290523143,-0.02756876,2.72513923815583,4.920043922,0,0,0,0,HUD,5,7.853737,-4.81880000000001,358.142022,Backward
-0.307579880927703,-0.02477415,2.74901604599655,4.960082922,0,0,0,0,HUD,5,6.179497,-5.22460000000001,358.276722,Backward
-0.311710523046051,-0.02613962,2.77206424726455,5.020019922,0,0,0,0,HUD,5,4.997547,-5.33540000000002,357.743322,Backward
-0.316284501090255,-0.02931119,2.78572884611893,5.060058922,0,0,0,0,HUD,5,5.081287,-4.89380000000003,357.794722,Backward
-0.322820027273723,-0.02898261,2.80551471101044,5.099975922,0,0,0,0,HUD,5,5.948767,-4.87970000000001,357.807322,Backward
-0.32709639391669,-0.02988005,2.81805532033913,5.140014922,0,0,0,0,HUD,5,5.675067,-4.61240000000001,357.771922,Backward
-0.33257691848309,-0.02955896,2.82956727584101,5.180053922,0,0,0,0,HUD,5,5.344207,-4.35320000000002,357.723822,Backward
-0.340801882875588,-0.02450918,2.84940400857959,5.220092922,0,0,0,0,HUD,5,4.772737,-4.10590000000002,357.677522,Backward
-0.349116028104489,-0.0220632,2.86609324202852,5.260009922,0,0,0,0,HUD,5,4.687267,-3.87800000000001,357.269122,Backward
-0.353574925082828,-0.02157442,2.87717900852148,5.300048922,0,0,0,0,HUD,5,3.768847,-3.74280000000002,357.709222,Backward
-0.360134184531346,-0.02067039,2.89407082750249,5.340087922,0,0,0,0,HUD,5,3.417027,-3.58860000000001,357.738322,Backward
-0.362947705052449,-0.02220349,2.90657687928862,5.380004922,0,0,0,0,HUD,5,2.783097,-3.76430000000002,357.854722,Backward
-0.365828664842808,-0.02204964,2.91839531639707,5.420043922,0,0,0,0,HUD,5,3.483427,-3.85300000000001,357.531322,Backward
-0.367818133666118,-0.02152604,2.93078656923127,5.460082922,0,0,0,0,HUD,5,3.265997,-4.05020000000002,357.474322,Backward
-0.370669235058836,-0.01899326,2.95550523616232,5.520019922,0,0,0,0,HUD,5,2.994227,-3.95860000000002,357.316922,Backward
-0.371273063974241,-0.01880601,2.97469532213506,5.560058922,0,0,0,0,HUD,5,2.596667,-3.73560000000001,357.231122,Backward
-0.371528314135446,-0.01966068,2.98814628702071,5.599975922,0,0,0,0,HUD,5,2.128457,-3.6593,357.060422,Backward
-0.371348508940041,-0.02067986,3.00235248619895,5.640014922,0,0,0,0,HUD,5,2.051607,-3.51710000000003,356.959522,Backward
-0.370773793081273,-0.02353129,3.02385644192067,5.680053922,0,0,0,0,HUD,5,1.888127,-3.35640000000001,356.812522,Backward
-0.369191216649563,-0.02645981,3.04540762121178,5.739989922,0,0,0,0,HUD,5,2.426687,-3.55510000000001,356.697922,Backward
-0.366201750139646,-0.02736638,3.06719338589853,5.780028922,0,0,0,0,HUD,5,2.539017,-3.7338,356.587222,Backward
-0.362450191825981,-0.02738124,3.08880882712047,5.840087922,0,0,0,0,HUD,5,2.155527,-3.88820000000001,356.455222,Backward
-0.357927300789127,-0.024607,3.1118214765696,5.880004922,0,0,0,0,HUD,5,1.188857,-3.9179,356.514422,Backward
-0.354898231776661,-0.02348827,3.12644444510946,5.920043922,0,0,0,0,HUD,5,1.366137,-3.80470000000003,356.511922,Backward
-0.344728819499054,-0.02086471,3.15163663897836,5.979980922,0,0,0,0,HUD,5,2.222627,-3.05970000000002,356.640422,Backward
-0.34204657888579,-0.02128651,3.1622783470317,6.020019922,0,0,0,0,HUD,5,2.551677,-2.72560000000001,357.039522,Backward
-0.338665961152347,-0.01959748,3.18173078754029,6.060058922,0,0,0,0,HUD,5,2.624997,-2.81280000000001,357.118622,Backward
-0.337235026226145,-0.02148464,3.19321674915598,6.099975922,0,0,0,0,HUD,5,3.036997,-2.76310000000001,357.149022,Backward
-0.336441773140249,-0.02252255,3.20479972556714,6.140014922,0,0,0,0,HUD,5,3.233597,-3.0548,357.131422,Backward
-0.334232324756121,-0.02876411,3.22809993560564,6.200072922,0,0,0,0,HUD,5,4.792207,-3.0582,357.279722,Backward
-0.334066505101515,-0.03534755,3.24335951714781,6.239989922,0,0,0,0,HUD,5,4.556777,-2.90110000000001,357.296422,Backward
-0.333823733009084,-0.05654636,3.26497034819872,6.280028922,0,0,0,0,HUD,5,5.166497,-2.86100000000002,357.443622,Backward
-0.335154595036882,-0.07114676,3.27828120914995,6.320067922,0,0,0,0,HUD,5,6.954747,-3.21250000000001,357.218722,Backward
-0.336282597088787,-0.08726046,3.29246768007724,6.359984922,0,0,0,0,HUD,5,7.343377,-3.95020000000002,356.845522,Backward
-0.338149675091451,-0.10540216,3.32176780124989,6.420043922,0,0,0,0,HUD,5,7.364257,-3.58040000000003,357.087722,Backward
-0.341701385446232,-0.10941106,3.33448801365204,6.460082922,0,0,0,0,HUD,5,7.974967,-3.81500000000003,357.355222,Backward
-0.345757338032875,-0.10737906,3.35410562641748,6.499999922,0,0,0,0,HUD,5,8.201557,-4.20000000000002,356.831622,Backward
-0.349296124523899,-0.10300596,3.36622888155672,6.540038922,0,0,0,0,HUD,5,8.475377,-4.12230000000002,356.835122,Backward
-0.355173362101438,-0.09495236,3.38116633845062,6.580077922,0,0,0,0,HUD,5,7.589697,-3.53270000000001,356.914122,Backward
-0.371936936598287,-0.07629766,3.41558658278573,6.640014922,0,0,0,0,HUD,5,6.321267,-2.96870000000001,357.470022,Backward
-0.394745970978579,-0.06344066,3.45804282835265,6.739989922,0,0,0,0,HUD,5,3.517277,-4.6559,357.193922,Backward
-0.410769369000403,-0.05207556,3.48649127322815,6.820067922,0,0,0,0,HUD,5,1.965127,-4.9821,357.010122,Backward
-0.427128107139272,-0.02935885,3.51810701537512,6.880004922,0,0,0,0,HUD,5,0.243228999999999,-5.44500000000002,356.512522,Backward
-0.434883396175545,-0.02253852,3.53536045601645,6.940063922,0,0,0,0,HUD,5,-1.191463,-5.11610000000002,356.303922,Backward
-0.439820484008769,-0.01503664,3.55649194152332,6.999999922,0,0,0,0,HUD,5,-2.843606,-4.51150000000001,356.632222,Backward
-0.440510094129122,-0.00975279,3.5663719412137,7.040038922,0,0,0,0,HUD,5,-3.781125,-3.8297,356.362722,Backward
-0.440528095058009,-0.01071401,3.57425199838142,7.080077922,0,0,0,0,HUD,5,-4.099752,-3.01340000000002,356.589222,Backward
-0.441234464174858,-0.00887974,3.58327036756164,7.099975922,0,0,0,0,HUD,5,-3.88888,-2.1267,356.758922,Backward
-0.44232007705524,-0.00912658,3.58703042682632,7.140014922,0,0,0,0,HUD,5,-3.440356,-1.89150000000001,357.156122,Backward
-0.442853172673293,-0.0065841,3.60610988368605,7.200072922,0,0,0,0,HUD,5,-3.678736,-2.22310000000002,356.873522,Backward
-0.441694146934879,-0.00602812,3.61673605323757,7.239989922,0,0,0,0,HUD,5,-3.744079,-2.36450000000002,356.874722,Backward
-0.440404720109314,-0.00561865,3.62745516124437,7.280028922,0,0,0,0,HUD,5,-3.607252,-2.28360000000001,356.946722,Backward
-0.43877972131488,-0.00583697999999999,3.63828591356903,7.300048922,0,0,0,0,HUD,5,-3.471753,-2.11470000000003,357.000822,Backward
-0.436787197160228,-0.0063341,3.64962642574852,7.340087922,0,0,0,0,HUD,5,-3.238912,-2.0147,357.009922,Backward
-0.430954315191898,-0.00883828,3.67383271197635,7.400023922,0,0,0,0,HUD,5,-3.466944,-1.84110000000001,356.716822,Backward
-0.42760974772225,-0.01093169,3.68714886579196,7.440063922,0,0,1,0,HUD,5,-3.130043,-1.5069,356.585922,Backward
-0.422583299319005,-0.01438683,3.70770387348959,7.479980922,0,0,1,0,HUD,5,-2.423864,-1.02340000000001,356.684522,Backward
-0.416784536733245,-0.01704287,3.72945832430945,7.540038922,0,0,1,0,HUD,5,-1.564498,-1.12210000000002,356.825022,Backward
-0.408515090666205,-0.01856258,3.7530580090265,7.599975922,0,0,1,0,HUD,5,-1.213553,-1.34700000000001,356.971722,Backward
-0.39464548483943,-0.01523018,3.79010483008054,7.660033922,0,0,1,0,HUD,5,0.469427,-0.824700000000007,357.148422,Backward
-0.387773442888628,-0.01082273,3.81133026634052,7.720092922,0,0,1,0,HUD,5,0.0209930000000007,-0.363400000000013,357.044922,Backward
-0.381304013723504,-0.01335193,3.84088081562945,7.780028922,0,0,1,0,HUD,5,0.00348400000000026,-0.182500000000005,357.133422,Backward
-0.377319602743985,-0.02185927,3.86450741314467,7.820067922,0,0,1,0,HUD,5,1.355257,-0.579100000000011,356.981722,Backward
-0.37539108259294,-0.02608285,3.88712068844983,7.880004922,0,0,1,0,HUD,5,3.983557,-0.336100000000016,356.687722,Backward
-0.375648469163493,-0.03966326,3.91931568759804,7.940063922,0,0,1,0,HUD,5,5.348877,0.339499999999987,357.536622,Backward
-0.378091101583749,-0.04672066,3.94032466517573,7.999999922,0,0,1,0,HUD,5,7.390577,0.360099999999989,357.772222,Backward
-0.381929356633292,-0.04892636,3.96125565251925,8.060058922,0,0,1,0,HUD,5,8.007987,-0.27970000000002,357.872622,Backward
-0.388382327130532,-0.04765866,3.98367368563461,8.099975922,0,0,1,0,HUD,5,9.970477,-0.542000000000002,357.883922,Backward
-0.394356998816829,-0.04254276,4.00186860482215,8.160033922,0,0,1,0,HUD,5,9.148387,0.00799999999998136,358.427622,Backward
-0.404656734680289,-0.04410336,4.02461467637622,8.239989922,0,0,1,0,HUD,5,7.576867,1.1985,-0.7198808,Backward
-0.416232961752066,-0.04375346,4.04687720041962,8.300048922,0,0,1,0,HUD,5,7.602877,1.28659999999999,-0.4992084,Backward
-0.427878459887312,-0.03904496,4.06922266130504,8.359984922,0,0,1,0,HUD,5,7.549267,1.34219999999999,-0.4723981,Backward
-0.436328462274754,-0.03326608,4.09058433007534,8.420043922,0,0,1,0,HUD,5,7.007797,0.764699999999976,-0.0213749999999999,Backward
-0.441104038226524,-0.03042007,4.11216880003244,8.479980922,0,0,1,0,HUD,5,5.756297,0.287499999999994,-0.3153842,Backward
-0.44630672200889,-0.02178603,4.14258809861838,8.580077922,0,0,1,0,HUD,5,5.700097,1.41049999999998,-0.6976644,Backward
-0.446062013492081,-0.01909207,4.16873813238016,8.660033922,0,0,1,0,HUD,5,3.636277,2.25219999999999,-0.5865708,Backward
-0.443481683749182,-0.02277572,4.19228553468737,8.739989922,0,0,1,0,HUD,5,3.065597,2.22059999999999,-0.6829286,Backward
-0.436796228428311,-0.02526823,4.221595182129,8.820067922,0,0,1,0,HUD,5,4.750737,2.23839999999998,358.911822,Backward
-0.428156809891658,-0.02773403,4.25322205199228,8.880004922,0,0,1,0,HUD,5,4.290037,1.98239999999998,358.691122,Backward
-0.41436808506644,-0.02802487,4.28789632415038,8.960082922,0,0,1,0,HUD,5,4.376047,1.4571,358.492022,Backward
-0.403510557958128,-0.02067848,4.31437527362147,9.040038922,0,0,1,0,HUD,5,4.401517,1.1823,358.028422,Backward
-0.398033469224254,-0.01739302,4.33411218090203,9.119994922,0,0,1,0,HUD,5,4.056547,1.19309999999999,357.852122,Backward
-0.394788728514413,-0.01536551,4.36238998341081,9.180053922,0,0,1,0,HUD,5,2.394587,0.0229999999999961,358.034122,Backward
-0.395948300890612,-0.00486481,4.39375445455101,9.300048922,0,0,1,0,HUD,5,-0.938912999999999,-1.57920000000001,357.621822,Backward
-0.397036811135017,-0.00163273,4.44143788016671,9.460082922,0,0,1,0,HUD,5,-3.565427,-2.04640000000001,358.037622,Backward
-0.402747816148158,-0.00764545999999999,4.48659666024035,9.599975922,0,0,1,0,HUD,5,-3.780843,-1.11970000000002,357.451022,Backward
-0.420858980095897,-0.01925122,4.53653071019084,9.700072922,0,0,1,0,HUD,5,-3.969669,-0.845700000000022,357.612122,Backward
-0.439687776197458,-0.02790084,4.5942028273478,9.780028922,0,0,1,0,HUD,5,-4.366544,-1.2192,357.974922,Backward
-0.459824172616121,-0.02840766,4.65309528437984,9.859984922,0,0,1,0,HUD,5,-4.725918,-0.345700000000022,357.657722,Backward
-0.482271570743304,-0.02775262,4.71342997686534,9.940063922,0,0,1,0,HUD,5,-2.246007,2.31339999999997,357.607722,Backward
-0.506909320145695,-0.02338284,4.75827248360153,10.020019922,0,0,1,0,HUD,5,-2.926026,3.46449999999999,358.327422,Backward
-0.511057736194505,-0.01578531,4.80255545506106,10.080079922,0,0,1,0,HUD,5,-0.766902999999999,0.923399999999987,358.682322,Backward
-0.514411364137649,-0.01213016,4.83894879428157,10.160029922,0,0,1,0,HUD,5,0.901687000000001,0.468999999999994,357.576622,Backward
-0.517149779332812,-0.00410756999999999,4.87245091468042,10.220089922,0,0,1,0,HUD,5,0.100690999999999,1.40529999999998,357.861122,Backward
-0.520026181002631,-0.01076114,4.921443141752,10.320069922,0,0,1,0,HUD,5,-1.216578,1.92559999999997,357.634822,Backward
-0.516205822106357,-0.02472079,4.96964923720583,10.379999922,0,0,1,0,HUD,5,1.426937,2.96239999999997,357.957422,Backward
-0.513830062364768,-0.02612045,4.99743604880145,10.460079922,0,0,0,0,HUD,5,2.935287,3.2559,357.755522,Backward
-0.506900198514556,-0.0328223,5.04271836178364,10.520019922,0,0,0,0,HUD,5,2.887837,3.15329999999997,357.888922,Backward
-0.502469948365935,-0.03544623,5.05942930839419,10.560059922,0,0,0,0,HUD,5,2.988117,2.89949999999999,358.041022,Backward
-0.498578387931285,-0.02962653,5.0787017751378,10.599979922,0,0,0,0,HUD,5,3.621417,2.6823,357.820722,Backward
-0.491719111026606,-0.02944494,5.10336543914672,10.640009922,0,0,0,0,HUD,5,3.300087,2.77949999999998,357.945422,Backward
-0.492361541300759,-0.03002631,5.11090756585892,10.680049922,1,0,0,0,HUD,5,3.516787,2.94109999999998,357.959222,Backward
-0.49018877101913,-0.0304243,5.13589266364346,10.760009922,1,0,0,0,HUD,5,4.196287,2.26819999999998,357.933922,Backward
-0.488822297409261,-0.0265342,5.17653133516301,10.820069922,1,0,0,0,HUD,5,4.973867,1.61499999999998,357.547422,Backward
-0.489822737918666,-0.02349209,5.21298136566762,10.900019922,1,0,0,0,HUD,5,4.723577,1.32999999999998,358.094922,Backward
-0.493400751006138,-0.03003673,5.25234737175594,10.979979922,1,0,0,0,HUD,5,3.614277,0.855199999999996,358.118822,Backward
-0.497316031878853,-0.03735551,5.28267153492144,11.060059922,1,0,0,0,HUD,5,5.862687,0.526599999999974,358.001322,Backward
-0.506744111670476,-0.04096196,5.31791414622428,11.119999922,1,0,0,0,HUD,5,6.078927,0.865799999999979,357.967022,Backward
-0.518293152608901,-0.04107666,5.34692125082647,11.200069922,1,0,0,0,HUD,5,4.793737,1.19789999999998,358.136622,Backward
-0.534240220488451,-0.03824057,5.39039687107558,11.300049922,1,0,0,0,HUD,5,4.427287,1.4091,358.195422,Backward
-0.541470519640845,-0.03689044,5.42494223617956,11.379999922,1,0,0,0,HUD,5,3.653147,2.24699999999999,358.703122,Backward
-0.545851582691945,-0.03644565,5.45563061351598,11.440059922,1,0,0,0,HUD,5,5.131007,3.0608,-1.01271989,Backward
-0.546478428320664,-0.0324216,5.4795890099055,11.520019922,1,0,0,0,HUD,5,6.223897,2.70749999999998,358.273122,Backward
-0.546318975312126,-0.03420357,5.50533002472113,11.599979922,1,0,0,0,HUD,5,5.117267,3.0213,358.205222,Backward
-0.544780682258055,-0.03845203,5.54649455561217,11.680049922,1,0,0,0,HUD,5,5.719147,2.39079999999998,357.716022,Backward
-0.54274794453961,-0.04113276,5.57273651093886,11.760009922,1,0,0,0,HUD,5,6.891447,1.06489999999999,357.169122,Backward
-0.536734545394099,-0.04290696,5.60728250381382,11.840089922,1,0,0,0,HUD,5,6.399687,-0.561300000000017,357.248022,Backward
-0.530009788441047,-0.03776435,5.63715611613176,11.900019922,1,0,0,0,HUD,5,5.226567,-1.29770000000002,357.625422,Backward
-0.523082421611185,-0.0314202,5.66542073303708,11.960079922,1,0,0,0,HUD,5,4.261237,-1.8897,357.547522,Backward
-0.51609971553521,-0.02693777,5.699331868389,12.040039922,1,0,0,0,HUD,5,2.632687,-2.44740000000002,357.463922,Backward
-0.514123488755229,-0.02419588,5.7268717803844,12.119999922,1,0,0,0,HUD,5,1.470477,-2.56070000000003,357.291322,Backward
-0.51442465724862,-0.0199811,5.75137062418443,12.180049922,1,0,0,0,HUD,5,0.290702,-2.6756,357.288322,Backward
-0.516497020718274,-0.0178282,5.77561124065039,12.260009922,1,0,0,0,HUD,5,1.021007,-3.30990000000003,356.985722,Backward
-0.518604053985634,-0.02249362,5.80272765248548,12.320069922,1,0,0,0,HUD,5,0.00955100000000009,-3.4513,357.220822,Backward
-0.524205113268871,-0.02936073,5.83819328627237,12.420039922,1,0,0,0,HUD,5,0.726087,-2.37800000000001,357.521122,Backward
-0.535487041611072,-0.03176371,5.87349148130953,12.499999922,1,0,0,0,HUD,5,1.726437,-2.31320000000002,357.558822,Backward
-0.549572042544411,-0.03837708,5.90873663816417,12.560059922,1,0,0,0,HUD,5,2.252877,-1.93740000000003,357.702322,Backward
-0.564014513659285,-0.03396638,5.93529588026736,12.640009922,1,0,0,0,HUD,5,3.037827,-2.81710000000001,357.415622,Backward
-0.573598975765286,-0.02578463,5.95826999008991,12.700069922,1,0,0,0,HUD,5,1.781567,-4.22080000000003,357.737122,Backward
-0.577500990285076,-0.02410354,5.99029608656899,12.800049922,1,0,0,0,HUD,5,1.156717,-5.00970000000001,357.812022,Backward
-0.576115312457995,-0.02019587,6.02098230893277,12.879999922,1,0,0,0,HUD,5,1.254227,-4.62960000000001,357.681422,Backward
-0.572665907139501,-0.01883084,6.04517688791131,12.940059922,1,0,0,0,HUD,5,0.0188129999999997,-3.98740000000001,357.505522,Backward
-0.567131045953151,-0.02263907,6.07232584445936,12.999999922,1,0,0,0,HUD,5,-1.33115,-3.1576,357.198522,Backward
-0.564077998497669,-0.02422766,6.09698071187402,13.060059922,1,0,0,0,HUD,5,-1.507251,-3.01100000000002,357.478522,Backward
-0.551718358976057,-0.02122325,6.12936370727123,13.160029922,1,0,0,0,HUD,5,-3.594855,-4.00160000000002,357.959622,Backward
-0.533176667613463,-0.02388027,6.15590628624191,13.239989922,0,0,0,0,HUD,5,-6.26417,-2.56410000000002,357.027122,Backward
-0.517988087840417,-0.02255363,6.18841800247587,13.300049922,0,0,0,0,HUD,5,-5.362667,-1.334,357.264422,Backward
-0.509005800136224,-0.01099666,6.20884363697272,13.340089922,0,0,0,0,HUD,5,-5.477974,-1.40430000000001,357.159222,Backward
-0.500763454419093,-0.01050889,6.2281023405137,13.400019922,0,0,0,0,HUD,5,-6.394324,-1.37480000000002,357.253022,Backward
-0.49462016944141,-0.01197398,6.248234200405,13.460079922,0,0,0,0,HUD,5,-6.69483,-0.746100000000013,357.415522,Backward
-0.491625691072419,-0.01322779,6.26891836993867,13.520019922,0,0,0,0,HUD,5,-6.080142,-0.77200000000002,357.401722,Backward
-0.492080616642414,-0.01320736,6.28726900621445,13.560059922,0,0,0,0,HUD,5,-4.439932,-1.63660000000002,358.026622,Backward
-0.490396014133034,-0.01439271,6.30646328909726,13.619999922,0,0,0,0,HUD,5,-3.009699,-3.00420000000003,358.062922,Backward
-0.48827546056859,-0.01642877,6.32561894973793,13.680049922,0,0,0,0,HUD,5,-1.355127,-3.1079,358.074622,Backward
-0.490412188800849,-0.01917988,6.35782026700076,13.760009922,0,0,0,0,HUD,5,0.165561,-2.33320000000001,358.549422,Backward
-0.494854522468579,-0.02237577,6.38288965440022,13.820069922,1,0,0,0,HUD,5,-0.0496909999999993,-2.05870000000002,358.836222,Backward
-0.500798800840354,-0.02711558,6.40807137659389,13.900019922,1,0,0,0,HUD,5,-0.157094000000001,-1.8442,358.760722,Backward
-0.510760492149616,-0.03443879,6.4405708663631,13.960079922,1,0,0,0,HUD,5,1.743367,-0.929100000000005,358.799122,Backward
-0.520103480352306,-0.02939355,6.46357441007802,14.040039922,1,0,0,0,HUD,5,2.695847,-0.696899999999999,-0.8836848,Backward
-0.526853836338419,-0.03033361,6.50210770341068,14.160029922,1,0,0,0,HUD,5,2.458387,2.07729999999998,-0.1970674,Backward
-0.530536517370795,-0.02707799,6.53514605767377,14.280029922,1,0,0,0,HUD,5,3.530987,3.0992,-0.7144621,Backward
-0.531031075750099,-0.02745351,6.57041842087798,14.379999922,1,0,0,0,HUD,5,2.305097,4.45189999999999,-0.4899973,Backward
-0.526580628567755,-0.0316018,6.60037875151496,14.460079922,1,0,0,0,HUD,5,3.027297,5.79649999999998,-0.4532881,Backward
-0.523118727590395,-0.03697722,6.62469640713023,14.540039922,1,0,0,0,HUD,5,4.545357,6.68989999999999,0.236125,Backward
-0.516652377276151,-0.03587224,6.65214487161576,14.619999922,1,0,0,0,HUD,5,5.237757,5.63079999999999,0.120782,Backward
-0.511932344164794,-0.03480931,6.66928888962286,14.680049922,1,0,0,0,HUD,5,4.697297,5.04749999999999,-0.2485391,Backward
-0.505758124835667,-0.03600041,6.69324186022519,14.739989922,1,0,0,0,HUD,5,4.091367,4.0821,-0.4032701,Backward
-0.50145970483945,-0.03561455,6.70778603739463,14.800049922,1,0,0,0,HUD,5,3.530147,2.87629999999999,-0.3668289,Backward
-0.49570484465611,-0.03721177,6.73213087903039,14.859989922,1,0,0,0,HUD,5,4.706097,0.499799999999993,358.470422,Backward
-0.487093707720518,-0.03186778,6.75406311769124,14.920039922,1,0,0,0,HUD,5,6.207897,-2.51400000000001,358.136322,Backward
-0.478814587008563,-0.02923025,6.77755754367352,14.999999922,1,0,0,0,HUD,5,5.842467,-3.76920000000001,358.930522,Backward
-0.471312749791351,-0.02860568,6.79669065994783,15.060059922,1,0,0,0,HUD,5,5.966847,-3.80410000000001,-0.7955285,Backward
-0.467555571690115,-0.02804029,6.80992124235057,15.119999922,1,0,0,0,HUD,5,5.828077,-3.88600000000002,-0.9262379,Backward
-0.463332168748257,-0.02279878,6.82790494629583,15.180049922,1,0,0,0,HUD,5,4.882967,-3.91500000000002,-0.8085977,Backward
-0.464075900742781,-0.02108885,6.85027799364572,15.260009922,1,0,0,0,HUD,5,3.393007,-4.4068,-0.8263255,Backward
-0.466031182602192,-0.02203859,6.87193403337717,15.340089922,1,0,0,0,HUD,5,2.666277,-5.07360000000003,358.780022,Backward
-0.468720364972549,-0.02368797,6.89313759544063,15.400019922,1,0,0,0,HUD,5,1.910797,-4.9863,358.386722,Backward
-0.475411931931845,-0.03172864,6.91543545481388,15.479979922,1,0,0,0,HUD,5,2.921347,-3.50800000000001,358.390622,Backward
-0.486261670299192,-0.03295715,6.94261502941247,15.560059922,1,0,0,0,HUD,5,3.356837,-2.93350000000001,358.588322,Backward
-0.498818861108024,-0.03321712,6.97567412560384,15.660029922,1,0,0,0,HUD,5,5.517457,-2.68440000000001,-0.7639656,Backward
-0.504383996488798,-0.02882492,6.9995952215276,15.739989922,1,0,0,0,HUD,5,5.739057,-2.96560000000002,-0.6531453,Backward
-0.505507110996271,-0.02526142,7.02598333337371,15.820069922,1,0,0,0,HUD,5,3.796417,-2.68350000000001,-0.8305377,Backward
-0.502282537873719,-0.02355062,7.05096445827187,15.900019922,1,0,0,0,HUD,5,3.958217,-2.02930000000001,-0.9232159,Backward
-0.495670550017223,-0.0270623,7.07911593321699,15.979979922,0,0,0,0,HUD,5,3.972667,-1.08690000000001,-0.97149801,Backward
-0.485632018934143,-0.03128568,7.11316813070399,16.060059922,0,0,0,0,HUD,5,4.357867,-0.520800000000008,358.829422,Backward
-0.479117650147154,-0.03174753,7.13048843394346,16.140009922,0,0,0,0,HUD,5,4.869207,-0.539600000000007,358.784822,Backward
-0.46549910994703,-0.03208326,7.16235727169788,16.200069922,0,0,0,0,HUD,5,4.062857,-1.06160000000003,358.483122,Backward
-0.457723629194457,-0.03351724,7.17557354318671,16.260009922,0,0,0,0,HUD,5,3.763787,-0.977000000000004,358.506122,Backward
-0.449258050160288,-0.02974172,7.19465112829637,16.300049922,0,0,0,0,HUD,5,3.356317,-0.85590000000002,358.603622,Backward
-0.4392519871015,-0.02293757,7.21930613780891,16.359989922,0,0,0,0,HUD,5,2.971367,-1.0258,358.254522,Backward
-0.435053539005425,-0.01956309,7.23364750812644,16.420039922,0,0,0,0,HUD,5,2.160587,-1.0711,358.202922,Backward
-0.43049879869822,-0.01896095,7.24821897811865,16.479979922,0,0,0,0,HUD,5,1.209197,-1.62,358.122522,Backward
-0.42666009231054,-0.01392759,7.26260758087462,16.520019922,0,0,0,0,HUD,5,-0.524438999999999,-1.5283,357.904622,Backward
-0.424179329080115,-0.01233998,7.27449762977253,16.580079922,0,0,0,0,HUD,5,-2.000773,-1.08450000000002,357.909522,Backward
-0.424731120119042,-0.01109059,7.28817625341124,16.660029922,0,0,0,0,HUD,5,-2.046647,-1.29900000000001,357.922722,Backward
-0.423870796193014,-0.00885459999999999,7.30316816198694,16.720089922,0,0,0,0,HUD,5,-3.376989,-1.0558,357.282522,Backward
-0.425774082303915,-0.00524606,7.31281662854801,16.760009922,0,0,0,0,HUD,5,-4.49187,-0.777800000000013,357.246822,Backward
-0.428664409703631,-0.00559483,7.32337631379533,16.820069922,0,0,0,0,HUD,5,-5.838277,-0.513800000000003,357.530222,Backward
-0.432863155650193,-0.00632463,7.33707166769642,16.879999922,0,0,0,0,HUD,5,-6.492102,-0.534800000000018,357.828422,Backward
-0.441305604506971,-0.00595274999999999,7.36139033645729,16.960079922,0,0,0,0,HUD,5,-7.271629,-0.894900000000007,357.811522,Backward
-0.447834585735406,-0.00641258,7.38375770036363,17.020019922,0,0,0,0,HUD,5,-8.129056,-0.89670000000001,357.490122,Backward
-0.451688414762952,-0.00832205,7.40074149345665,17.060059922,0,0,0,0,HUD,5,-8.6171651,0.267499999999984,357.259922,Backward
-0.455846820036929,-0.00730222999999999,7.41826993809893,17.119999922,0,0,0,0,HUD,5,-8.306274,1.59059999999999,357.099522,Backward
-0.460014478934455,-0.01084463,7.4358799386757,17.180049922,0,0,0,0,HUD,5,-6.557132,3.18269999999998,357.118422,Backward
-0.465355166001522,-0.01336688,7.46476502603322,17.260009922,0,0,0,0,HUD,5,-4.713946,4.09419999999997,357.359522,Backward
-0.465885614898941,-0.01263247,7.48245325969199,17.300049922,0,0,0,0,HUD,5,-4.099211,4.38189999999997,356.934322,Backward
-0.465288326584325,-0.01344795,7.49923766771459,17.359989922,0,0,0,0,HUD,5,-3.015379,4.95089999999999,356.991622,Backward
-0.463534013720278,-0.01256023,7.5193384827074,17.400019922,0,0,0,0,HUD,5,-2.41621,5.3459,357.125222,Backward
-0.461765060914736,-0.01485735,7.53105253183534,17.460079922,0,0,0,0,HUD,5,-2.853914,5.22009999999997,357.063622,Backward
-0.452510536873833,-0.01846456,7.56670360860416,17.540039922,0,0,0,0,HUD,5,-2.426939,4.8201,357.079422,Backward
-0.444083928068985,-0.02163882,7.58580661656233,17.599979922,0,0,0,0,HUD,5,-2.397264,5.14049999999997,357.172322,Backward
-0.433294862708591,-0.02777474,7.6054705559095,17.660029922,0,0,0,0,HUD,5,-1.374293,5.97629999999998,357.503622,Backward
-0.422220341865662,-0.03510773,7.62756645191078,17.700069922,0,0,0,0,HUD,5,-0.329791999999999,6.23779999999999,357.829522,Backward
-0.410467412320053,-0.04351786,7.65521981888654,17.739989922,0,0,0,0,HUD,5,1.296617,5.99679999999998,357.650622,Backward
-0.3953401434255,-0.07062636,7.69214043135156,17.820069922,0,0,0,0,HUD,5,4.335017,5.37679999999997,357.970622,Backward
-0.386477096648413,-0.09343876,7.71593013237589,17.879999922,0,0,0,0,HUD,5,5.572557,4.69019999999998,357.133922,Backward
-0.378066834507156,-0.12078156,7.74724026836594,17.940059922,0,0,0,0,HUD,5,4.515497,3.32969999999997,357.399022,Backward
-0.370958273530499,-0.12271676,7.76936313359269,17.979979922,0,0,0,0,HUD,5,4.859937,2.88409999999999,356.917222,Backward
-0.365121895682998,-0.11945476,7.78601193606077,18.040039922,0,0,0,0,HUD,5,6.024057,2.7773,357.198822,Backward
-0.363249108128808,-0.09769986,7.80366113694288,18.099979922,0,0,0,0,HUD,5,4.695727,2.92429999999999,356.956222,Backward
-0.363317246495147,-0.07805886,7.81965099079346,18.160029922,0,0,0,0,HUD,5,3.225927,3.27799999999999,356.755022,Backward
-0.367116821789183,-0.04958256,7.83906229630301,18.220089922,0,0,0,0,HUD,5,1.262947,3.10129999999998,357.130422,Backward
-0.370277950714042,-0.02917848,7.85359269326663,18.260009922,0,0,0,0,HUD,5,-0.256171,2.7654,357.191622,Backward
-0.377039879305967,-0.01439199,7.86656268330971,18.320069922,0,0,0,0,HUD,5,-1.552791,2.33589999999998,357.205622,Backward
-0.387288170899539,-0.00141503,7.88607287809124,18.379999922,0,0,0,0,HUD,5,-2.977598,1.21669999999997,356.716722,Backward
-0.396426554291916,-0.00175080999999999,7.90118440673576,18.440059922,0,0,0,0,HUD,5,-3.829538,0.580299999999994,356.739322,Backward
-0.405792522826263,-0.00738274,7.91833004870139,18.499999922,0,0,0,0,HUD,5,-5.524265,0.633199999999988,357.156322,Backward
-0.419137760613247,0.00769833,7.94340123703399,18.540039922,0,0,0,0,HUD,5,-5.13426,0.653199999999998,356.967522,Backward
-0.427044085263206,-0.000871839999999999,7.95742435938707,18.580079922,0,0,0,0,HUD,5,-8.338577,0.773699999999991,356.766822,Backward
-0.432063162688677,-0.00144598,7.98564190555603,18.640009922,0,0,0,0,HUD,5,-8.318177,0.893199999999979,357.872022,Backward
-0.433971748315742,-0.00186451,7.99894009990354,18.700069922,0,0,0,0,HUD,5,-7.368051,1.55919999999998,356.684222,Backward
-0.43740721446533,-0.00255593999999999,8.02607451388901,18.739989922,0,0,0,0,HUD,5,-6.331638,2.9392,356.528122,Backward
-0.438851681557518,-0.00103787,8.03684336168344,18.780029922,0,0,0,0,HUD,5,-5.646054,3.28879999999998,357.288822,Backward
-0.43881897165858,-0.000966769999999999,8.05467305971965,18.820069922,0,0,0,0,HUD,5,-4.375522,3.68359999999998,356.783322,Backward
-0.441370296835188,-0.00310127,8.07472798285197,18.900019922,0,0,0,0,HUD,5,-4.38099,3.86779999999999,356.411722,Backward
-0.442269595969363,-0.00775152,8.10409444452285,18.960079922,0,0,0,0,HUD,5,-3.484922,4.25999999999999,356.556522,Backward
-0.442549274680212,-0.01074505,8.12650463416548,18.999999922,0,0,0,0,HUD,5,-3.422949,4.02759999999998,357.147322,Backward
-0.440318043256864,-0.01563692,8.15054157872142,19.060059922,0,0,0,0,HUD,5,-3.100378,3.51809999999998,357.395022,Backward
-0.436456423395242,-0.02438331,8.17761691652715,19.099979922,0,0,0,0,HUD,5,-3.218616,3.17619999999999,356.803322,Backward
-0.427395204676302,-0.04435376,8.22625706676918,19.180049922,0,0,0,0,HUD,5,-1.510057,3.30609999999999,357.014222,Backward
-0.413812560664875,-0.05010466,8.26492375477965,19.260009922,0,0,0,0,HUD,5,1.004847,3.41569999999999,356.574222,Backward
-0.40057184112506,-0.04855196,8.30351293475368,19.320069922,0,0,0,0,HUD,5,1.385817,4.06299999999999,356.110622,Backward
-0.391621867668791,-0.04308686,8.33013549506899,19.359989922,0,0,0,0,HUD,5,1.221747,4.52839999999998,356.265522,Backward
-0.383845998851042,-0.03263633,8.35358046783116,19.420039922,0,0,0,0,HUD,5,0.339072999999999,4.62769999999998,356.431822,Backward
-0.378947177081483,-0.03121357,8.37611140520425,19.479979922,0,0,0,0,HUD,5,-1.130516,4.55199999999999,356.055922,Backward
-0.372238153874686,-0.029822,8.41167815817118,19.560059922,0,0,0,0,HUD,5,-0.858475,4.29419999999999,355.589822,Backward
-0.366603794157501,-0.02851471,8.43819770769483,19.619999922,0,0,0,0,HUD,5,0.579526,5.0692,355.587522,Backward
-0.362927397502781,-0.0265983,8.46440707680966,19.680049922,0,0,0,0,HUD,5,0.484306999999999,5.9151,356.572722,Backward
-0.360855577544172,-0.02818398,8.48444326978685,19.720089922,0,0,0,0,HUD,5,0.962707,5.964,356.236322,Backward
-0.361428748305187,-0.02918811,8.49733751347458,19.780029922,0,0,0,0,HUD,5,0.992627000000001,5.83269999999999,355.890322,Backward
-0.362301012618814,-0.03189386,8.52905848522794,19.859989922,0,0,0,0,HUD,5,0.689926999999999,6.29659999999998,356.051522,Backward
-0.365600705662639,-0.03374863,8.55479581379593,19.920039922,0,0,0,0,HUD,5,-0.0508710000000008,7.16459999999998,356.283222,Backward
-0.370980060138269,-0.03319085,8.57267225758616,19.960079922,0,0,0,0,HUD,5,-1.098963,7.62609999999998,356.305622,Backward
-0.37739881381959,-0.0271425,8.59362401272669,20.020019922,0,0,0,0,HUD,5,-2.568405,7.72669999999999,356.028322,Backward
-0.383980531882871,-0.02364577,8.61384733024448,20.060059922,0,0,0,0,HUD,5,-2.810988,7.75189999999998,356.037222,Backward
-0.389909886400828,-0.01844156,8.63834087565956,20.119999922,0,0,0,0,HUD,5,-3.398789,7.54719999999998,356.336922,Backward
-0.391212722304512,-0.01724572,8.65352243117334,20.180049922,0,0,0,0,HUD,5,-4.251063,7.55949999999999,355.976922,Backward
-0.39330996547936,-0.01793401,8.67488319065669,20.220089922,0,0,0,0,HUD,5,-4.492173,7.52159999999998,356.188922,Backward
-0.393229030019459,-0.01832007,8.69647735124355,20.280029922,0,0,0,0,HUD,5,-4.69962,7.66099999999997,356.493122,Backward
-0.390909460867924,-0.0182347,8.7181328215742,20.320069922,0,0,0,0,HUD,5,-3.690392,7.9794,356.886122,Backward
-0.387757928588797,-0.01941582,8.74730559248379,20.400019922,0,0,0,0,HUD,5,-1.622992,8.97869999999998,357.002322,Backward
-0.384355553688372,-0.02226439,8.77793749943205,20.460079922,0,0,0,0,HUD,5,-0.710791,8.76439999999999,356.950522,Backward
-0.378690698987944,-0.02570048,8.80998285761562,20.520019922,0,0,0,0,HUD,5,-0.418492000000001,8.64059999999998,356.909722,Backward
-0.37308308485956,-0.0295898,8.83364660277561,20.560059922,0,0,0,0,HUD,5,0.127067,8.76569999999998,356.839322,Backward
-0.365672855153477,-0.03413886,8.85699198638165,20.619999922,0,0,0,0,HUD,5,0.505178000000001,9.17729999999997,356.817422,Backward
-0.358397334701996,-0.03258773,8.88702535970484,20.680049922,0,0,0,0,HUD,5,1.346517,10.159,357.850322,Backward
-0.353564926808733,-0.02827964,8.90913136578109,20.720089922,0,0,0,0,HUD,5,1.469307,9.96129999999999,357.585422,Backward
-0.351933860329351,-0.02615707,8.92832601402949,20.780029922,0,0,0,0,HUD,5,1.211837,9.63819999999998,357.231622,Backward
-0.352910060806763,-0.02437882,8.94929783562509,20.820069922,0,0,0,0,HUD,5,0.62148,8.77929999999998,357.052322,Backward
-0.353575481442677,-0.02447186,8.96296562761163,20.879999922,0,0,0,0,HUD,5,0.704347,8.25689999999997,357.212522,Backward
-0.357769139376518,-0.0207437,8.99542036171043,20.940059922,0,0,0,0,HUD,5,1.133267,6.89259999999999,357.773622,Backward
-0.360551292175867,-0.02014464,9.00821594074231,20.979979922,0,0,0,0,HUD,5,1.530687,6.12939999999998,357.952222,Backward
-0.365122557902358,-0.02138996,9.02789831134821,21.020019922,0,0,0,0,HUD,5,1.484547,4.94699999999997,357.928022,Backward
-0.369559950208642,-0.0230705,9.04189741943445,21.080079922,0,0,0,0,HUD,5,1.477897,4.16899999999998,357.689122,Backward
-0.377030697544058,-0.02507523,9.06301590121275,21.119999922,0,0,0,0,HUD,5,1.978737,3.5257,357.621922,Backward
-0.388977296761411,-0.02738978,9.08976693143122,21.200069922,0,0,0,0,HUD,5,1.883747,3.14879999999999,358.248522,Backward
-0.401849159899063,-0.03175063,9.11676057619542,21.260009922,0,0,0,0,HUD,5,0.829276999999999,2.78429999999997,358.365722,Backward
-0.411394508663291,-0.03165153,9.138685580758,21.300049922,0,1,0,0,HUD,5,0.177496,2.5676,358.078422,Backward
-0.421243703362395,-0.02804661,9.15867196519589,21.379999922,0,1,0,0,HUD,5,0.209686,2.9563,358.009222,Backward
-0.435518041070516,-0.02634466,9.19718634274447,21.460079922,0,1,0,0,HUD,5,-0.147939000000001,3.29799999999997,358.287222,Backward
-0.443356505984679,-0.02547102,9.22946728971431,21.540039922,0,1,0,0,HUD,5,0.311662,2.99889999999999,358.259422,Backward
-0.447080597654326,-0.0236044,9.26001586074203,21.619999922,0,1,0,0,HUD,5,1.017717,2.7457,358.371922,Backward
-0.446415651840497,-0.02342492,9.29309855760497,21.700069922,0,1,0,0,HUD,5,0.527060000000001,2.7773,358.148122,Backward
-0.443041003480285,-0.02578986,9.32187235610403,21.780029922,0,1,0,0,HUD,5,-0.193178,3.13229999999999,357.774222,Backward
-0.435821171951379,-0.03191155,9.357645066222,21.859989922,0,1,0,0,HUD,5,-0.180982999999999,4.08439999999999,357.441122,Backward
-0.421904404770474,-0.03378452,9.40898604037046,21.960079922,0,1,0,0,HUD,5,0.808227,5.08929999999998,357.751122,Backward
-0.411124492647116,-0.02756615,9.44421108397402,22.040039922,0,1,0,0,HUD,5,0.710896999999999,5.08249999999998,357.723622,Backward
-0.402664090372833,-0.02755643,9.47504318826317,22.119999922,0,1,0,0,HUD,5,-0.174193000000001,5.24109999999999,357.564722,Backward
-0.398721773381342,-0.02895825,9.50229655040216,22.180049922,0,1,0,0,HUD,5,0.350586999999999,6.14769999999999,357.362822,Backward
-0.397668591896055,-0.02625593,9.52491476030235,22.260009922,0,1,0,0,HUD,5,2.173007,7.50569999999999,358.358322,Backward
-0.398363581475899,-0.02490944,9.55624452243317,22.340089922,0,1,0,0,HUD,5,1.922367,7.2945,-0.94975344,Backward
-0.399488888641932,-0.02565625,9.5849457524004,22.420039922,0,1,0,0,HUD,5,1.011717,6.8793,358.375022,Backward
-0.402293592369379,-0.02741478,9.60740407182131,22.499999922,0,1,0,0,HUD,5,1.133267,7.75199999999998,358.658622,Backward
-0.40857705903315,-0.02919701,9.63102058209559,22.560059922,0,1,0,0,HUD,5,0.685147000000001,8.36399999999998,358.713322,Backward
-0.417545566464076,-0.03312132,9.6572666146095,22.640009922,0,1,0,0,HUD,5,0.45736,8.25659999999999,358.513822,Backward
-0.432020205993763,-0.03077047,9.68977942990894,22.720089922,0,1,0,0,HUD,5,0.933076999999999,8.06039999999999,358.636022,Backward
-0.44279375758862,-0.02774091,9.7124042716289,22.800049922,0,1,0,0,HUD,5,1.850457,7.47649999999999,358.942322,Backward
-0.454726439209947,-0.0270534,9.74205708808356,22.859989922,0,1,0,0,HUD,5,0.976297000000001,5.8904,358.833222,Backward
-0.458399752487733,-0.02733281,9.7614031632838,22.920039922,0,1,0,0,HUD,5,1.235127,4.72399999999999,358.682422,Backward
-0.460664982649561,-0.02745137,9.78653133728538,22.999999922,0,1,0,0,HUD,5,2.021977,3.71089999999998,358.737222,Backward
-0.463300876511319,-0.02453869,9.82116204010311,23.080079922,0,1,0,0,HUD,5,2.498307,4.03539999999998,-0.6337136,Backward
-0.468980949619013,-0.02886458,9.83819428368349,23.160029922,0,1,0,0,HUD,5,2.353927,3.00559999999999,-1.01010824,Backward
-0.480030983386897,-0.02239253,9.85964080450572,23.239989922,0,1,0,0,HUD,5,3.579037,1.12099999999998,-0.7099017,Backward
-0.491512483064786,-0.02661321,9.88269258897562,23.320069922,0,1,0,0,HUD,5,1.329297,-1.19940000000003,358.789122,Backward
-0.514398403066821,-0.01714333,9.90420501504988,23.420039922,0,1,0,0,HUD,5,1.607407,-2.53470000000002,-0.7643331,Backward
-0.543185834754476,-0.02276991,9.92544180860702,23.520019922,0,1,0,0,HUD,5,-0.189325,-3.95680000000002,0.495442,Backward
-0.569439066494705,-0.02758414,9.94487789730315,23.580079922,0,1,0,0,HUD,5,0.607385000000001,-5.82700000000003,0.15626,Backward
-0.585866859459344,-0.02941731,9.95670151497292,23.660029922,0,1,0,0,HUD,5,1.249387,-7.0488,-0.3177435,Backward
-0.617797315310665,-0.02848534,9.98138664664706,23.760009922,0,1,0,0,HUD,5,0.804757,-6.90960000000001,-0.8362414,Backward
-0.641299622194074,-0.02478023,10.009093069896,23.859989922,0,1,0,0,HUD,5,1.306037,-5.51480000000001,358.931522,Backward
-0.660016235911647,-0.02484594,10.0333731247421,23.920039922,0,1,0,0,HUD,5,1.516817,-4.04240000000001,-0.6572723,Backward
-0.673100027111421,-0.02405448,10.0531572862706,23.999999922,0,1,0,0,HUD,5,2.199447,-4.33240000000001,-0.0652176999999999,Backward
-0.686580028674619,-0.02446093,10.0863231680286,24.099979922,0,1,0,0,HUD,5,2.576097,-5.30090000000001,-0.743832,Backward
-0.695079694137306,-0.02748519,10.1168340731019,24.180049922,0,1,0,0,HUD,5,1.956117,-4.75050000000002,-0.4582911,Backward
-0.701073767164303,-0.03065608,10.1422227984904,24.239989922,0,1,0,0,HUD,5,2.035707,-4.643,-0.6197704,Backward
-0.703593403419215,-0.03660896,10.1657326147473,24.300049922,0,1,0,0,HUD,5,2.665837,-4.00280000000001,0.517953,Backward
-0.704669543669305,-0.02328858,10.1984913737489,24.379999922,0,1,0,0,HUD,5,1.664897,-3.67060000000001,-0.3395836,Backward
-0.710168905230999,-0.02169541,10.2224603919506,24.460079922,0,1,0,0,HUD,5,1.255607,-3.85430000000002,-0.2050198,Backward
-0.716144425030661,-0.02496198,10.2507711936548,24.540039922,0,1,0,0,HUD,5,0.868397,-5.1362,-0.1908443,Backward
-0.721073266014071,-0.01849748,10.2783983746194,24.599979922,0,1,0,0,HUD,5,1.511397,-5.00810000000001,-0.3796329,Backward
-0.725905806215167,-0.01831059,10.2984903127764,24.660029922,0,1,0,0,HUD,5,1.575317,-4.2509,-0.2013569,Backward
-0.734704009761422,-0.02301444,10.3347465760982,24.739989922,0,1,0,0,HUD,5,0.418986,-3.45260000000002,-0.1412682,Backward
-0.740065588274447,-0.0247557,10.356777583185,24.800049922,0,1,0,0,HUD,5,0.291048,-2.52610000000001,-0.2131183,Backward
-0.749095353156637,-0.0290859,10.3861096185529,24.859989922,0,1,0,0,HUD,5,0.273872000000001,-0.799800000000005,-0.3237999,Backward
-0.759825102239471,-0.03181291,10.40824008585,24.920039922,0,1,0,0,HUD,5,0.633955,0.700299999999999,-0.3383958,Backward
-0.773680092826935,-0.02819841,10.4403590609935,24.979979922,0,1,0,0,HUD,5,0.284763999999999,1.53879999999998,-0.2220778,Backward
-0.783765599473962,-0.02694865,10.476947108653,25.060059922,0,1,0,0,HUD,5,0.847547,2.59889999999999,0.0531030000000001,Backward
-0.784439743301256,-0.02359716,10.5376710971343,25.200069922,0,1,0,0,HUD,5,1.022007,4.98179999999999,-0.4243162,Backward
-0.781543126006614,-0.02453046,10.5818269532146,25.300049922,0,1,0,0,HUD,5,2.121957,6.97059999999999,-0.0178209999999999,Backward
-0.767966380449218,-0.03981356,10.6611362102605,25.440059922,0,1,0,0,HUD,5,3.027217,7.55919999999998,0.26112,Backward
-0.743070310963771,-0.0363998,10.7378777963106,25.580079922,0,1,0,0,HUD,5,1.746547,8.23249999999999,-0.0956995999999999,Backward
-0.730377153148858,-0.02539034,10.7918616254627,25.680049922,0,0,0,0,HUD,5,2.192657,9.78729999999999,0.597678,Backward
-0.727064649092603,-0.02249124,10.8408527210871,25.760009922,0,0,0,0,HUD,5,3.574677,9.45389999999998,0.238628,Backward
-0.726517141993469,-0.02430192,10.8610530702684,25.820069922,0,0,0,0,HUD,5,4.449227,8.49099999999999,0.55142,Backward
-0.722820111913507,-0.03064873,10.9182826230111,25.940059922,0,0,0,0,HUD,5,3.333117,8.04339999999999,-0.1483988,Backward
-0.723545977338437,-0.03394947,10.9524676891489,26.020019922,0,0,0,0,HUD,5,2.612517,9.41569999999999,-0.3401964,Backward
-0.728847687489537,-0.03826041,10.9895745396665,26.080079922,0,0,0,0,HUD,5,1.355627,10.6892,-0.6290354,Backward
-0.733492994951928,-0.0382256,11.0258035681461,26.160029922,0,0,0,0,HUD,5,1.076397,11.9095,-0.5816079,Backward
-0.743066238938069,-0.02931964,11.0638780972809,26.220089922,0,0,0,0,HUD,5,2.381287,11.5912,0.302383,Backward
-0.746389161533777,-0.02659786,11.125065896258,26.359989922,0,0,0,0,HUD,5,0.527647,11.4796,-0.6516414,Backward
-0.743647546173713,-0.02135799,11.1767761905807,26.460079922,0,0,0,0,HUD,5,3.363367,11.5021,-0.9310207,Backward
-0.732511793130487,-0.02505247,11.2382558964746,26.580079922,0,0,0,1,HUD,5,2.549787,10.5482,358.894322,Backward
-0.712226074038394,-0.02873053,11.2909908732066,26.700069922,0,0,0,1,HUD,5,2.411357,10.3102,358.947722,Backward
-0.692794108054344,-0.02940865,11.3289893992154,26.780029922,0,0,0,1,HUD,5,2.246987,10.2776,358.828922,Backward
-0.676288830597142,-0.02287744,11.3586548887861,26.859989922,0,0,0,1,HUD,5,0.752046999999999,10.2367,358.676122,Backward
-0.661926784107697,-0.01361299,11.3874678695481,26.940059922,0,0,0,1,HUD,5,-0.195649,10.2595,358.815222,Backward
-0.651594883643442,-0.01066462,11.4166305863044,27.020019922,0,0,0,1,HUD,5,-2.018237,9.5531,357.935522,Backward
-0.64320973674026,-0.00678097,11.4394102798285,27.099979922,0,0,0,1,HUD,5,-1.943137,10.1941,357.680922,Backward
-0.63814340321864,-0.00778856999999999,11.4630072020528,27.160029922,0,0,0,1,HUD,5,-1.956926,11.2695,357.710222,Backward
-0.636337114967024,-0.01261213,11.4887071100301,27.220089922,0,0,0,1,HUD,5,-0.966657,11.39,357.715522,Backward
-0.634407965066023,-0.01690474,11.5236382238065,27.300049922,0,0,0,1,HUD,5,-0.703146,10.7953,357.681722,Backward
-0.637081338380237,-0.01998333,11.5534674315132,27.400019922,0,0,0,1,HUD,5,-1.592414,11.0744,357.717222,Backward
-0.644253248226178,-0.02436693,11.5940279543823,27.460079922,0,0,0,1,HUD,5,-2.113793,11.0796,357.666022,Backward
-0.65147984250594,-0.02039964,11.6279861382247,27.540039922,0,0,0,1,HUD,5,-2.7938,10.5429,357.432222,Backward
-0.65771472062697,-0.01599474,11.6638927979075,27.619999922,0,0,0,1,HUD,5,-2.756943,10.4983,357.446622,Backward
-0.65868599940484,-0.01755455,11.6942148384453,27.700069922,0,0,0,1,HUD,5,-3.712664,10.0828,357.418022,Backward
-0.657459671945658,-0.01690316,11.7312234239195,27.780029922,0,0,0,0,HUD,5,-1.88709,10.4264,357.646622,Backward
-0.657715833478152,-0.01433343,11.7574837198857,27.840089922,0,0,0,1,HUD,5,0.0679040000000004,10.3364,357.197422,Backward
-0.654255769992164,-0.01882654,11.7871055093967,27.900019922,0,0,0,0,HUD,5,-0.284186999999999,9.8646,357.015422,Backward
-0.647945485807533,-0.02022372,11.815862468763,27.960079922,0,0,0,0,HUD,5,0.130649,10.0431,357.246222,Backward
-0.643379853519335,-0.02158075,11.8367365394609,28.020019922,0,0,0,0,HUD,5,0.161902,10.2458,357.447722,Backward
-0.636294052285397,-0.02373762,11.8581517675249,28.060059922,0,0,0,1,HUD,5,-0.108836,9.9819,357.461422,Backward
-0.630548806685763,-0.02412856,11.872018975926,28.119999922,0,0,0,1,HUD,5,-0.577907,9.60329999999999,357.351522,Backward
-0.621154661416812,-0.02152401,11.8934982918673,28.180049922,0,0,0,0,HUD,5,-1.3057,9.34799999999998,357.198022,Backward
-0.606469466635372,-0.01606821,11.927085331011,28.239989922,0,0,0,0,HUD,5,-2.417728,9.863,357.192122,Backward
-0.598688223760331,-0.01631862,11.9439425615834,28.300049922,0,0,0,1,HUD,5,-1.646943,10.3148,357.073022,Backward
-0.593028634291527,-0.01762472,11.9605699390857,28.359989922,0,0,0,1,HUD,5,-1.425575,10.6516,356.721422,Backward
-0.589018769855999,-0.01885552,11.9808370439411,28.420039922,0,0,0,1,HUD,5,0.779047,10.0896,356.079322,Backward
-0.584890385921076,-0.01180343,11.9983459894232,28.499999922,0,0,0,1,HUD,5,2.392587,9.94049999999999,356.300622,Backward
-0.58281225069843,-0.00894098,12.0135078705138,28.560059922,0,0,0,1,HUD,5,0.974907,10.1555,356.179222,Backward
-0.583388223271512,-0.00931833999999999,12.0309387267164,28.640009922,0,0,0,1,HUD,5,0.090349999999999,10.3959,355.973022,Backward
-0.587643373709418,-0.0085036,12.0461098831427,28.700069922,0,0,0,1,HUD,5,-0.198216,10.5341,356.220922,Backward
-0.593431634930486,-0.01059423,12.0642346158041,28.780029922,0,0,0,1,HUD,5,-1.576622,10.5582,356.143622,Backward
-0.598702123498936,-0.00974789,12.0818024603975,28.840089922,0,0,0,1,HUD,5,-2.463189,11.3531,356.278922,Backward
-0.603027087722752,-0.01100936,12.0981583125802,28.900019922,0,0,0,1,HUD,5,-3.168167,11.9664,356.227222,Backward
-0.603716888908604,-0.00764796,12.1101465871989,28.979979922,0,0,0,1,HUD,5,-4.437105,11.8753,355.820022,Backward
-0.602665739477891,-0.00801464,12.1347669885662,29.060059922,0,0,0,1,HUD,5,-5.541187,12.0342,355.079822,Backward
-0.600624811844337,-0.00968698,12.1493443958804,29.140009922,0,0,0,1,HUD,5,-4.136006,11.846,354.819622,Backward
-0.594860800782942,-0.01238069,12.1685885428359,29.200069922,0,0,0,0,HUD,5,-2.518072,10.9189,354.095922,Backward
-0.589663523143717,-0.01416121,12.1803999769974,29.260009922,0,0,0,0,HUD,5,-1.643588,11.3395,354.156422,Backward
-0.587135752905899,-0.01523298,12.1984790284281,29.320069922,0,0,0,0,HUD,5,-1.387825,11.2561,354.591222,Backward
-0.572300258442977,-0.01512369,12.217429462759,29.379999922,0,0,0,0,HUD,5,-2.347402,11.24,355.065922,Backward
-0.558541811187955,-0.01597945,12.2277861167139,29.460079922,0,0,0,1,HUD,5,-3.312586,11.8442,355.163122,Backward
-0.533811629544184,-0.01986161,12.2454694085575,29.540039922,0,0,0,1,HUD,5,-3.198802,13.8361,355.125322,Backward
-0.51354751705446,-0.01926769,12.2669452518472,29.619999922,0,0,0,1,HUD,5,-2.098845,14.0243,355.810722,Backward
-0.486891369116889,-0.01287541,12.2931860799557,29.720089922,0,0,0,1,HUD,5,-1.220518,14.081,355.874522,Backward
-0.468292743301049,-0.01500789,12.3142814152309,29.800049922,0,0,0,1,HUD,5,-0.651187,15.3053,356.489022,Backward
-0.454740339709401,-0.01721408,12.3352610735677,29.859989922,0,0,0,1,HUD,5,0.883327,16.377,356.670222,Backward
-0.449933944116883,-0.01462002,12.3467140914411,29.920039922,0,0,0,1,HUD,5,1.920727,16.2537,356.778022,Backward
-0.442176698339709,-0.01416725,12.3659970858909,29.999999922,0,0,0,1,HUD,5,2.280847,16.2423,357.102322,Backward
-0.438220977210789,-0.01881719,12.3837261912364,30.060059922,0,0,0,1,HUD,5,2.801837,15.6958,357.163722,Backward
-0.434905586328328,-0.02140454,12.4008796011975,30.119999922,0,0,0,1,HUD,5,3.723297,15.2431,357.169722,Backward
-0.432853268203132,-0.02217835,12.4156444418778,30.180049922,0,0,0,1,HUD,5,3.782537,15.5038,357.255922,Backward
-0.431135354472954,-0.02657555,12.4479744733256,30.280029922,0,0,0,1,HUD,5,4.014827,16.2028,357.116322,Backward
-0.431609634808211,-0.02532698,12.4711033995039,30.359989922,0,0,0,1,HUD,5,3.909197,16.4632,357.121722,Backward
-0.428666029716582,-0.02276478,12.4982809191675,30.440059922,0,0,0,1,HUD,5,4.039887,16.9273,357.403422,Backward
-0.423246575036928,-0.02411228,12.5175144992028,30.499999922,0,0,0,1,HUD,5,3.924767,17.3842,357.256522,Backward
-0.413672319756279,-0.02296323,12.5424736584199,30.599979922,0,0,0,1,HUD,5,4.410447,18.0641,357.496722,Backward
-0.40148545748322,-0.01944999,12.563743927058,30.680049922,0,0,0,1,HUD,5,4.873917,18.5687,357.194122,Backward
-0.375728719975063,-0.02387729,12.6030915621831,30.800049922,0,0,0,1,HUD,5,3.162077,19.1084,357.066522,Backward
-0.344588756982046,-0.02861216,12.6369655593607,30.920039922,0,0,0,1,HUD,5,3.136037,18.6319,356.847522,Backward
-0.300720269511951,-0.02895696,12.6806616863297,31.060059922,0,0,0,1,HUD,5,2.481127,18.1465,356.922822,Backward
-0.259736249000851,-0.0146755,12.7257566597385,31.180049922,0,0,0,1,HUD,5,1.342547,17.7952,356.816922,Backward
-0.22861371760714,-0.00850951,12.7705117620136,31.280029922,0,0,0,1,HUD,5,-0.883319,16.6035,356.512322,Backward
-0.213551079830009,-0.01298931,12.7959696271282,31.379999922,0,0,0,1,HUD,5,0.874927,18.5665,356.600822,Backward
-0.198949934151059,-0.0187734,12.8374781148489,31.499999922,0,0,0,1,HUD,5,1.312697,19.2205,356.376322,Backward
-0.186993067963425,-0.01932841,12.8696660035024,31.580079922,0,0,0,1,HUD,5,0.909416999999999,19.4113,355.608622,Backward
-0.178231366629904,-0.0309525,12.9069566127592,31.660029922,0,0,0,1,HUD,5,0.0620580000000004,20.6822,355.630022,Backward
-0.173911654154832,-0.01943025,12.9358927166458,31.720089922,0,0,0,1,HUD,5,0.661937,21.1025,355.924822,Backward
-0.151631394837602,-0.01622604,12.9761981849442,31.859989922,0,0,0,1,HUD,5,-1.239996,20.2579,355.721822,Backward
-0.134504947021214,-0.01762447,13.0042851870127,31.979979922,0,0,0,1,HUD,5,1.776057,22.055,355.514022,Backward
-0.109561074601681,-0.02156337,13.0386548772457,32.080079922,0,0,0,1,HUD,5,2.013927,22.1711,356.239522,Backward
-0.0832847234696361,-0.0242132,13.0672660074608,32.180049922,0,0,0,1,HUD,5,0.761507,21.895,355.732922,Backward
-0.0395324572069273,-0.02405794,13.1217425091279,32.340089922,0,0,0,1,HUD,5,2.568477,21.7899,356.352722,Backward
-0.01183509134529,-0.02039447,13.1691815952102,32.479979922,0,0,0,1,HUD,5,1.240467,19.8791,357.275722,Backward
0.00334719578907028,-0.01769045,13.2019383183883,32.599979922,0,0,0,1,HUD,5,4.100167,19.2014,357.345722,Backward
0.0190783897438929,-0.02108966,13.2543386320301,32.739989922,0,0,0,1,HUD,5,2.979907,20.4058,357.923122,Backward
0.0228370278491898,-0.02877636,13.3104943373199,32.900019922,0,0,0,0,HUD,5,4.260647,20.5248,358.505122,Backward
0.0226695585995567,-0.03239804,13.3547687892651,32.979979922,0,0,0,0,HUD,5,3.515267,19.6908,-0.8352485,Backward
0.0200169274712112,-0.02962509,13.4052384034711,33.080079922,0,0,0,0,HUD,5,4.643457,18.7263,358.210222,Backward
0.0208705583597231,-0.02759089,13.4326991418316,33.140009922,0,0,0,0,HUD,5,5.778077,17.883,358.846322,Backward
0.0276019067851527,-0.02670908,13.4687191492355,33.239989922,0,0,0,0,HUD,5,4.700197,16.2158,358.775122,Backward
0.0339104541699347,-0.01751418,13.4939524561114,33.300049922,0,0,0,0,HUD,5,2.937237,15.1158,358.412922,Backward
0.0469481201523647,-0.0223792,13.5360923773113,33.420039922,0,0,0,0,HUD,5,1.059717,14.873,357.650222,Backward
0.05474799052708,-0.02703984,13.5686233400258,33.499999922,0,0,0,0,HUD,5,2.137287,13.6512,357.350922,Backward
0.0648229058452321,-0.03037976,13.593561016067,33.580079922,0,0,0,0,HUD,5,1.363157,11.5997,357.440222,Backward
0.0735018849596232,-0.01736762,13.6277965505236,33.640009922,0,0,0,0,HUD,5,1.096817,9.81909999999999,357.752922,Backward
0.0750056831439003,-0.02046019,13.6356697186293,33.700069922,0,0,0,0,HUD,5,1.178717,9.20469999999997,357.942522,Backward
0.0789422707596714,-0.0197694,13.6544095038987,33.739989922,0,0,0,0,HUD,5,-0.242069000000001,8.00209999999998,357.816622,Backward
0.0801331724432948,-0.01484458,13.6661198246962,33.780029922,0,0,0,0,HUD,5,0.0461849999999995,7.65779999999998,357.680522,Backward
0.0814541410396321,-0.01428004,13.6769063205112,33.820069922,0,0,0,0,HUD,5,-0.327745,7.53229999999999,357.575122,Backward
0.0813990365072126,-0.01297319,13.6821961511787,33.840089922,0,0,0,0,HUD,5,0.0836620000000003,7.98149999999998,357.693522,Backward
0.0824276794283114,-0.01378598,13.6937425540273,33.879999922,0,0,0,0,HUD,5,-0.108029999999999,8.19669999999999,357.922422,Backward
0.0824576750252868,-0.01619483,13.7061505237751,33.920039922,0,0,0,0,HUD,5,-0.0889000000000006,8.43619999999999,357.999222,Backward
0.0817974821678447,-0.01819953,13.7132247952847,33.960079922,0,0,0,0,HUD,5,0.293787999999999,8.6335,357.858322,Backward
0.0802437005103489,-0.02019132,13.7263784657823,33.999999922,0,0,0,0,HUD,5,0.910607000000001,8.672,357.914022,Backward
0.0770208380452595,-0.02275948,13.7468925443025,34.040039922,0,0,0,0,HUD,5,1.721527,8.45959999999999,357.989622,Backward
0.0743959933437757,-0.02418011,13.7613696474414,34.080079922,0,0,0,0,HUD,5,2.057577,8.28739999999999,358.128622,Backward
0.0710856197155427,-0.02533487,13.7764190617636,34.099979922,0,0,0,0,HUD,5,1.940207,8.23049999999998,358.240822,Backward
0.0668479721619004,-0.02748196,13.7917012164288,34.140009922,0,0,0,0,HUD,5,1.766567,8.17849999999999,358.309022,Backward
0.0622596799681858,-0.02956364,13.8080646935881,34.180049922,0,0,0,0,HUD,5,1.454807,8.13539999999998,358.446222,Backward
0.054407376781036,-0.03273228,13.8319959593436,34.220089922,0,0,0,0,HUD,5,1.283297,8.09479999999999,358.493322,Backward
0.0486402250623243,-0.03199683,13.8498279412596,34.260009922,0,0,0,0,HUD,5,0.628883,7.9409,358.338522,Backward
0.0428313385276413,-0.02884762,13.8671379354314,34.300049922,0,0,0,0,HUD,5,0.817947,7.85399999999998,358.202822,Backward
0.0344799277096928,-0.0261093,13.8905353767092,34.340089922,0,0,0,0,HUD,5,0.897546999999999,7.68429999999998,358.046822,Backward
0.0303826491335062,-0.02443998,13.9077268457933,34.359989922,0,0,0,0,HUD,5,0.265877,7.56619999999998,358.128322,Backward
0.0263420740363611,-0.02470671,13.9244455805805,34.400019922,0,0,0,0,HUD,5,-0.647075000000001,7.53809999999999,358.275822,Backward
0.0247599466578077,-0.02515076,13.9324495669597,34.420039922,0,0,0,0,HUD,5,-0.268749,7.33689999999999,358.215222,Backward
0.0220529280705097,-0.0235229,13.9490471116687,34.460079922,0,0,0,0,HUD,5,0.344776,7.2456,358.351522,Backward
0.0204400247166963,-0.02281869,13.9650233224451,34.479979922,0,0,0,0,HUD,5,0.607982999999999,7.1729,358.697422,Backward
0.0197267161854418,-0.02241094,13.9719716863488,34.520019922,0,0,0,0,HUD,5,1.665607,7.11939999999998,358.782922,Backward
0.0184283453277425,-0.02071154,13.9874246435453,34.540039922,0,0,0,0,HUD,5,2.081117,6.82039999999998,358.731122,Backward
0.0174908691595037,-0.02140878,14.0038247860579,34.580079922,0,0,0,0,HUD,5,1.668547,6.41389999999998,358.533022,Backward
0.0170942503594045,-0.0240244,14.0199735537362,34.619999922,0,0,0,0,HUD,5,1.876027,5.98509999999999,358.413522,Backward
0.0176075158102176,-0.02535605,14.0369992254286,34.640009922,0,0,0,0,HUD,5,1.870557,5.71509999999998,358.332522,Backward
0.0183254453605146,-0.02817595,14.0534712143541,34.680049922,0,0,0,0,HUD,5,2.160107,5.49959999999999,358.408422,Backward
0.0215439549923475,-0.03171785,14.0869714359317,34.739989922,0,0,0,0,HUD,5,2.274777,5.04139999999998,358.291622,Backward
0.0241333440875504,-0.03312525,14.103933110646,34.780029922,0,0,0,0,HUD,5,1.897377,4.7593,358.246922,Backward
0.0282576698319574,-0.03337137,14.1297867406842,34.820069922,0,0,0,0,HUD,5,1.518817,4.34219999999999,358.176822,Backward
0.032206283950085,-0.03151087,14.1484669997977,34.840089922,0,0,0,0,HUD,5,0.913086999999999,4.01689999999999,358.092922,Backward
0.0341348692168941,-0.03086792,14.1576687385393,34.879999922,0,0,0,0,HUD,5,0.677507,4.11749999999998,358.021022,Backward
0.0372668279906323,-0.03000333,14.175028443584,34.900019922,0,0,0,0,HUD,5,0.932976999999999,4.31429999999997,358.056722,Backward
0.0393366226823995,-0.02938612,14.1912581895751,34.940059922,0,0,0,0,HUD,5,1.602067,4.54999999999998,358.153722,Backward
0.0413945939218079,-0.02858097,14.20818920385,34.979979922,0,0,0,0,HUD,5,1.465037,4.4853,358.261122,Backward
0.0427161744848619,-0.02890988,14.2249433176676,35.020019922,0,0,0,0,HUD,5,1.542077,4.3784,358.501922,Backward
0.042854509907323,-0.02757724,14.2416124553871,35.060059922,0,0,0,0,HUD,5,2.017617,4.07319999999999,358.362022,Backward
0.0426921762093708,-0.02483281,14.2659740771059,35.080079922,0,0,0,0,HUD,5,2.681357,3.55329999999998,358.301122,Backward
0.0422706019414525,-0.02502705,14.272972512155,35.119999922,0,0,0,0,HUD,5,2.776107,3.33509999999998,358.461822,Backward
0.041062255580685,-0.02320759,14.2881669725625,35.140009922,0,0,0,0,HUD,5,3.258717,2.94029999999998,358.563222,Backward
0.0398284415621477,-0.02270077,14.3036290080031,35.180049922,0,0,0,0,HUD,5,3.064947,2.58339999999998,358.648622,Backward
0.0380421724323228,-0.02381458,14.3187673856769,35.200069922,0,0,0,0,HUD,5,2.914917,2.42959999999999,358.653022,Backward
0.0368040866937067,-0.02436872,14.3267862162465,35.239989922,0,0,0,0,HUD,5,2.770867,2.46869999999998,358.614322,Backward
0.0337632687328724,-0.02587856,14.3423932646263,35.260009922,0,0,0,0,HUD,5,2.587257,2.52509999999998,358.522022,Backward
0.0299887649291393,-0.02739058,14.3581770475074,35.300049922,0,0,0,0,HUD,5,2.573487,2.56699999999998,358.479022,Backward
0.0253468502793774,-0.02875816,14.3738422284314,35.320069922,0,0,0,0,HUD,5,2.451907,2.62589999999997,358.577522,Backward
0.019754625012967,-0.03057157,14.3896238470293,35.359989922,0,0,0,0,HUD,5,2.298457,2.68469999999999,358.674122,Backward
0.0131161177642032,-0.03286498,14.4052221325604,35.400019922,0,0,0,0,HUD,5,2.182287,2.6026,358.767222,Backward
-0.00513926144775656,-0.0373254,14.4446562536084,35.479979922,0,0,0,0,HUD,5,2.192857,1.9144,358.801022,Backward
-0.0163364921060818,-0.03617784,14.4683123499386,35.540039922,0,0,0,0,HUD,5,2.774067,1.06989999999999,358.733722,Backward
-0.0288451244010117,-0.03032457,14.4969441820684,35.580079922,0,0,0,0,HUD,5,2.931177,0.322899999999976,358.544322,Backward
-0.0367931649299267,-0.0293121,14.5205815033369,35.619999922,0,0,0,0,HUD,5,1.168337,-0.240100000000012,358.655022,Backward
-0.0415268728143181,-0.02753358,14.5361748511066,35.680049922,0,0,0,0,HUD,5,1.524607,-0.591700000000003,358.136922,Backward
-0.0475946588218681,-0.0248916,14.5598542191929,35.720089922,0,0,0,0,HUD,5,0.956147,-0.857500000000016,358.530322,Backward
-0.0545080509840672,-0.02261397,14.5901965123299,35.780029922,0,0,0,0,HUD,5,1.244187,-1.2192,358.184322,Backward
-0.0590469092719343,-0.02387834,14.614443860194,35.820069922,0,0,0,0,HUD,5,0.992647,-1.20310000000001,358.241022,Backward
-0.0645598427214535,-0.02743651,14.6563466280355,35.920039922,0,0,0,0,HUD,5,0.315503,-1.67200000000003,358.107322,Backward
-0.0663206998181927,-0.03175034,14.6915045685225,35.979979922,0,0,0,0,HUD,5,-0.308166999999999,-1.75890000000001,357.929222,Backward
-0.0654669410182693,-0.03685445,14.7278650171021,36.040039922,0,0,0,0,HUD,5,-0.161067000000001,-1.68830000000003,357.941622,Backward
-0.0637215280217123,-0.03490433,14.7665158450812,36.099979922,0,0,0,0,HUD,5,0.763197,-1.45670000000001,358.158622,Backward
-0.0625701048997256,-0.03214934,14.7864603144348,36.140009922,0,0,0,0,HUD,5,0.785767,-1.80780000000001,358.034022,Backward
-0.0610778401580159,-0.02840269,14.8036735664791,36.180049922,0,0,0,0,HUD,5,1.395497,-1.95910000000001,358.283922,Backward
-0.0597088566531174,-0.02427417,14.8290386863913,36.220089922,0,0,0,0,HUD,5,1.434857,-2.16570000000002,358.218822,Backward
-0.0595966683687514,-0.02368686,14.838617353511,36.260009922,0,0,0,0,HUD,5,0.556374999999999,-2.20250000000001,358.052822,Backward
-0.0598297111096189,-0.02342528,14.8560054628987,36.280029922,0,0,0,0,HUD,5,0.25248,-2.22770000000003,357.772722,Backward
-0.0600770176927352,-0.02298027,14.8730256408488,36.320069922,0,0,0,0,HUD,5,0.105554,-2.20710000000003,357.673222,Backward
-0.0602315114018552,-0.02143808,14.8903951478279,36.359989922,0,0,0,0,HUD,5,0.328673,-1.78590000000003,357.827122,Backward
-0.0613385138014175,-0.02190214,14.9062923381987,36.400019922,0,0,0,0,HUD,5,1.220767,-1.18680000000001,357.972722,Backward
-0.0640999131407256,-0.02362905,14.9387607547091,36.460079922,0,0,0,0,HUD,5,1.934157,-0.378700000000009,358.524022,Backward
-0.0677545606570236,-0.02652398,14.9630834637796,36.499999922,0,0,0,0,HUD,5,2.190727,-0.0690000000000168,358.534722,Backward
